Curso,Materia,Pregunta_número,Pregunta,Respuesta_a,Respuesta_b,Respuesta_c,Respuesta_d,Respuesta_correcta
ECOEMS 2026,Biología,1,¿Cuál de las siguientes opciones es una función de las proteínas?,A) Síntesis de ADN,B) Transporte de oxígeno,C) Almacenamiento de energía,D) Digestión de lípidos,Respuesta_b
ECOEMS 2026,Biología,2,¿Qué estructura celular es responsable de la producción de ATP?,A) Mitocondria,B) Núcleo,C) Ribosoma,D) Retículo endoplasmático,Respuesta_a
ECOEMS 2026,Biología,3,¿Cuál de los siguientes es un ejemplo de un organismo unicelular?,A) Humano,B) Elefante,C) Árbol,D) Ameba,Respuesta_d
ECOEMS 2026,Biología,4,¿Qué tipo de células poseen orgánulos envueltos en membranas?,A) Células procariotas,B) Células eucariotas,C) Células bacterianas,D) Células vegetales,Respuesta_b
ECOEMS 2026,Biología,5,¿Cuál de las siguientes opciones es una característica de la meiosis?,A) Resulta en cuatro células hijas,B) Ocurre en todas las células del cuerpo,C) Resulta en células hijas idénticas,D) Involucra una sola división celular,Respuesta_a
ECOEMS 2026,Biología,6,¿Cuál de las siguientes opciones es una función del ADN?,A) Digestión de proteínas,B) Transporte de agua,C) Producción de energía,D) Almacenamiento de información genética,Respuesta_d
ECOEMS 2026,Biología,7,¿Qué estructura celular es responsable de la síntesis de proteínas?,A) Mitocondria,B) Retículo endoplasmático,C) Ribosoma,D) Núcleo,Respuesta_c
ECOEMS 2026,Biología,8,¿Cuál de los siguientes es un ejemplo de un organismo multicelular?,A) Humano,B) Bacteria,C) Virus,D) Ameba,Respuesta_a
ECOEMS 2026,Biología,9,¿Qué tipo de células poseen un núcleo definido?,A) Células animales,B) Células bacterianas,C) Células eucariotas,D) Células procariotas,Respuesta_c
ECOEMS 2026,Biología,10,¿Cuál de las siguientes opciones es una característica de la mitosis?,A) Resulta en cuatro células hijas,B) No se involucra en la reproducción sexual,C) Ocurre en todas las células del cuerpo,D) Resulta en células hijas idénticas,Respuesta_d
ECOEMS 2026,Biología,11,¿Cuál de las siguientes opciones es una función de los lípidos?,A) Almacenamiento de energía,B) Síntesis de ADN,C) Transporte de oxígeno,D) Digestión de proteínas,Respuesta_a
ECOEMS 2026,Biología,12,¿Qué estructura celular es responsable de la digestión de desechos celulares?,A) Ribosoma,B) Lisosoma,C) Núcleo,D) Mitocondria,Respuesta_b
ECOEMS 2026,Biología,13,¿Cuál de los siguientes es un ejemplo de un organismo procariota?,A) Humano,B) Árbol,C) Bacteria,D) Ameba,Respuesta_c
ECOEMS 2026,Biología,14,¿Qué tipo de células poseen cloroplastos?,A) Células animales,B) Células procariotas,C) Células vegetales,D) Células eucariotas,Respuesta_c
ECOEMS 2026,Biología,15,¿Cuál de las siguientes opciones es una característica de la fotosíntesis?,A) Involucra una sola división celular,B) Resulta en la producción de glucosa,C) No se involucra en la reproducción sexual,D) Ocurre en todas las células del cuerpo,Respuesta_b
ECOEMS 2026,Biología,16,¿Cuál de las siguientes opciones es una función del ARN?,A) Síntesis de proteínas,B) Producción de energía,C) Transporte de agua,D) Almacenamiento de información genética,Respuesta_a
ECOEMS 2026,Biología,17,¿Qué estructura celular es responsable de la modificación y transporte de proteínas?,A) Retículo endoplasmático,B) Ribosoma,C) Núcleo,D) Mitocondria,Respuesta_a
ECOEMS 2026,Biología,18,¿Cuál de los siguientes es un ejemplo de un organismo eucariota?,A) Humano,B) Virus,C) Ameba,D) Bacteria,Respuesta_a
ECOEMS 2026,Biología,19,¿Qué tipo de células poseen pared celular?,A) Células animales,B) Células procariotas,C) Células vegetales,D) Células eucariotas,Respuesta_c
ECOEMS 2026,Biología,20,¿Cuál de las siguientes opciones es una característica de la respiración celular?,A) Ocurre en todas las células del cuerpo,B) Involucra una sola división celular,C) Resulta en la producción de ATP,D) Resulta en cuatro células hijas,Respuesta_c
ECOEMS 2026,Biología,21,¿Cuál de las siguientes opciones es una función de los carbohidratos?,A) Almacenamiento de información genética,B) Producción de energía,C) Transporte de agua,D) Síntesis de proteínas,Respuesta_b
ECOEMS 2026,Biología,22,¿Qué estructura celular es responsable de la fotosíntesis?,A) Núcleo,B) Mitocondria,C) Cloroplasto,D) Ribosoma,Respuesta_c
ECOEMS 2026,Biología,23,¿Cuál de los siguientes es un ejemplo de un organismo autótrofo?,A) León,B) Ameba,C) Humano,D) Árbol,Respuesta_d
ECOEMS 2026,Biología,24,¿Qué tipo de células poseen flagelos?,A) Células bacterianas,B) Células eucariotas,C) Células vegetales,D) Células procariotas,Respuesta_a
ECOEMS 2026,Biología,25,¿Cuál de las siguientes opciones es una característica de la fermentación?,A) Resulta en la producción de ATP,B) Ocurre en todas las células del cuerpo,C) Involucra una sola división celular,D) Resulta en cuatro células hijas,Respuesta_a
ECOEMS 2026,Biología,26,¿Cuál de las siguientes opciones es una función de las enzimas?,A) Almacenamiento de información genética,B) Transporte de agua,C) Producción de energía,D) Catalizar reacciones químicas,Respuesta_d
ECOEMS 2026,Biología,27,¿Qué estructura celular es responsable de la división celular?,A) Mitocondria,B) Centriolo,C) Núcleo,D) Ribosoma,Respuesta_b
ECOEMS 2026,Biología,28,¿Cuál de los siguientes es un ejemplo de un organismo heterótrofo?,A) Elefante,B) Humano,C) Árbol,D) Ameba,Respuesta_b
ECOEMS 2026,Biología,29,¿Qué tipo de células poseen cromosomas?,A) Células eucariotas,B) Células procariotas,C) Células animales,D) Células vegetales,Respuesta_a
ECOEMS 2026,Biología,30,¿Cuál de las siguientes opciones es una característica de la transcripción del ADN?,A) Resulta en la producción de ARN,B) Resulta en cuatro células hijas,C) Involucra una sola división celular,D) Ocurre en todas las células del cuerpo,Respuesta_a
ECOEMS 2026,Biología,31,¿Cuál de las siguientes opciones es una función de los ácidos nucleicos?,A) Almacenamiento de información genética,B) Síntesis de proteínas,C) Producción de energía,D) Transporte de agua,Respuesta_a
ECOEMS 2026,Biología,32,¿Qué estructura celular es responsable de la síntesis de lípidos?,A) Núcleo,B) Retículo endoplasmático,C) Mitocondria,D) Ribosoma,Respuesta_b
ECOEMS 2026,Biología,33,¿Cuál de los siguientes es un ejemplo de un organismo pluricelular?,A) Humano,B) Ameba,C) Bacteria,D) Virus,Respuesta_a
ECOEMS 2026,Biología,34,¿Qué tipo de células poseen vacuolas?,A) Células vegetales,B) Células eucariotas,C) Células animales,D) Células procariotas,Respuesta_a
ECOEMS 2026,Biología,35,¿Cuál de las siguientes opciones es una característica de la traducción del ARN?,A) Ocurre en todas las células del cuerpo,B) Resulta en la producción de proteínas,C) No se involucra en la reproducción sexual,D) Involucra una sola división celular,Respuesta_b
ECOEMS 2026,Biología,36,¿Cuál de las siguientes opciones es una función de las vitaminas?,A) Coenzimas en reacciones metabólicas,B) Almacenamiento de información genética,C) Síntesis de proteínas,D) Transporte de agua,Respuesta_a
ECOEMS 2026,Biología,37,¿Qué estructura celular es responsable de la síntesis de ARN?,A) Retículo endoplasmático,B) Núcleo,C) Mitocondria,D) Ribosoma,Respuesta_b
ECOEMS 2026,Biología,38,¿Cuál de los siguientes es un ejemplo de un organismo anaerobio?,A) Elefante,B) Árbol,C) Humano,D) Bacteria,Respuesta_d
ECOEMS 2026,Biología,39,¿Qué tipo de células poseen peroxisomas?,A) Células animales,B) Células bacterianas,C) Células procariotas,D) Células eucariotas,Respuesta_d
ECOEMS 2026,Biología,40,¿Cuál de las siguientes opciones es una característica de la replicación del ADN?,A) Resulta en cuatro células hijas,B) Resulta en la producción de two copias de ADN,C) No se involucra en la reproducción sexual,D) Ocurre en todas las células del cuerpo,Respuesta_b
ECOEMS 2026,Biología,41,¿Cuál de las siguientes opciones es una función de los glóbulos rojos?,A) Coagulación de la sangre,B) Transporte de oxígeno,C) Defensa inmunológica,D) Regulación de la temperatura,Respuesta_b
ECOEMS 2026,Biología,42,¿Qué estructura celular es responsable de la desintoxicación de sustancias dañinas?,A) Peroxisoma,B) Ribosoma,C) Núcleo,D) Mitocondria,Respuesta_a
ECOEMS 2026,Biología,43,¿Cuál de los siguientes es un ejemplo de un organismo diploide?,A) Humano,B) Virus,C) Ameba,D) Bacteria,Respuesta_a
ECOEMS 2026,Biología,44,¿Qué tipo de células poseen plasmodesmos?,A) Células vegetales,B) Células animales,C) Células bacterianas,D) Células procariotas,Respuesta_a
ECOEMS 2026,Biología,45,¿Cuál de las siguientes opciones es una característica de la transcripción inversa?,A) Resulta en la producción de ADN a partir de ARN,B) Resulta en cuatro células hijas,C) Involucra una sola división celular,D) Ocurre en todas las células del cuerpo,Respuesta_a
ECOEMS 2026,Biología,46,¿Cuál de las siguientes opciones es una función de los glóbulos blancos?,A) Defensa inmunológica,B) Transporte de oxígeno,C) Regulación de la temperatura,D) Coagulación de la sangre,Respuesta_a
ECOEMS 2026,Biología,47,¿Qué estructura celular es responsable de la síntesis de lípidos?,A) Núcleo,B) Retículo endoplasmático liso,C) Ribosoma,D) Mitocondria,Respuesta_b
ECOEMS 2026,Biología,48,¿Cuál de los siguientes es un ejemplo de un organismo haploide?,A) Humano,B) Elefante,C) Bacteria,D) Árbol,Respuesta_c
ECOEMS 2026,Biología,49,¿Qué tipo de células poseen plastos?,A) Células animales,B) Células eucariotas,C) Células vegetales,D) Células procariotas,Respuesta_c
ECOEMS 2026,Biología,50,¿Cuál de las siguientes opciones es una característica de la transducción de señales?,A) Resulta en la comunicación entre células,B) Involucra una sola división celular,C) Ocurre en todas las células del cuerpo,D) Resulta en cuatro células hijas,Respuesta_a
ECOEMS 2026,Biología,51,¿Cuál de las siguientes opciones es una función de las plaquetas?,A) Transporte de oxígeno,B) Defensa inmunológica,C) Regulación de la temperatura,D) Coagulación de la sangre,Respuesta_d
ECOEMS 2026,Biología,52,¿Qué estructura celular es responsable de la síntesis de proteínas?,A) Retículo endoplasmático,B) Mitocondria,C) Ribosoma,D) Núcleo,Respuesta_c
ECOEMS 2026,Biología,53,¿Cuál de los siguientes es un ejemplo de un organismo aerobio?,A) Virus,B) Ameba,C) Humano,D) Bacteria,Respuesta_c
ECOEMS 2026,Biología,54,¿Qué tipo de células poseen cromoplastos?,A) Células animales,B) Células eucariotas,C) Células vegetales,D) Células procariotas,Respuesta_c
ECOEMS 2026,Biología,55,¿Cuál de las siguientes opciones es una característica de la apoptosis?,A) Resulta en la muerte programada de la célula,B) Involucra una sola división celular,C) Resulta en cuatro células hijas,D) Ocurre en todas las células del cuerpo,Respuesta_a
ECOEMS 2026,Biología,56,¿Cuál de las siguientes opciones es una función de los neutrófilos?,A) Coagulación de la sangre,B) Defensa inmunológica,C) Transporte de oxígeno,D) Regulación de la temperatura,Respuesta_b
ECOEMS 2026,Biología,57,¿Qué estructura celular es responsable de la síntesis de ARN ribosomal?,A) Núcleo,B) Mitocondria,C) Nucleolo,D) Retículo endoplasmático,Respuesta_c
ECOEMS 2026,Biología,58,¿Cuál de los siguientes es un ejemplo de un organismo multicelular?,A) Humano,B) Bacteria,C) Virus,D) Ameba,Respuesta_a
ECOEMS 2026,Biología,59,¿Qué tipo de células poseen desmosomas?,A) Células animales,B) Células vegetales,C) Células procariotas,D) Células eucariotas,Respuesta_a
ECOEMS 2026,Biología,60,¿Cuál de las siguientes opciones es una característica de la mitosis?,A) Resulta en dos células hijas idénticas,B) Resulta en cuatro células hijas,C) Involucra una sola división celular,D) Ocurre en todas las células del cuerpo,Respuesta_a
ECOEMS 2026,Biología,61,¿Cuál de las siguientes opciones es una característica de los ecosistemas terrestres?,A) Presencia de luz solar,B) Ausencia de organismos vivos,C) Ausencia de plantas,D) Presencia de agua salada,Respuesta_a
ECOEMS 2026,Biología,62,¿Qué es la biodiversidad?,A) La cantidad de agua en un ecosistema,B) La variedad de vida en un ecosistema,C) La cantidad de luz solar en un ecosistema,D) La cantidad de suelo en un ecosistema,Respuesta_b
ECOEMS 2026,Biología,63,¿Cuál de los siguientes es un ejemplo de un consumidor primario?,A) Lobo,B) Conejo,C) León,D) Águila,Respuesta_b
ECOEMS 2026,Biología,64,¿Qué tipo de relación ecológica es la simbiosis?,A) Depredación,B) Mutualismo,C) Competencia,D) Comensalismo,Respuesta_b
ECOEMS 2026,Biología,65,¿Cuál de las siguientes opciones es una característica de la cadena alimentaria?,A) Muestra las relaciones de depredación entre los organismos,B) Muestra las relaciones de mutualismo entre los organismos,C) Muestra las relaciones de competencia entre los organismos,D) Muestra las relaciones de comensalismo entre los organismos,Respuesta_a
ECOEMS 2026,Biología,66,¿Cuál de las siguientes opciones es una función de los productores en un ecosistema?,A) Consumir plantas y otros animales,B) Producir oxígeno y glucosa a través de la fotosíntesis,C) Descomponer materia orgánica,D) Consumir otros organismos,Respuesta_b
ECOEMS 2026,Biología,67,¿Qué es la sucesión ecológica?,A) El proceso de cambio en las especies de una comunidad ecológica a lo largo del tiempo,B) El proceso de cambio en la luz solar de una comunidad ecológica a lo largo del tiempo,C) El proceso de cambio en el suelo de una comunidad ecológica a lo largo del tiempo,D) El proceso de cambio en el clima de una comunidad ecológica a lo largo del tiempo,Respuesta_a
ECOEMS 2026,Biología,68,¿Cuál de los siguientes es un ejemplo de un ecosistema acuático?,A) Bosque,B) Montaña,C) Pradera,D) Océano,Respuesta_d
ECOEMS 2026,Biología,69,¿Qué tipo de relación ecológica es la competencia?,A) Una relación en la que ambos organismos se benefician,B) Una relación sexual mutua,C) Una relación en la que un organismo se beneficia a expensas del otro,D) Una relación en la que un organismo se beneficia y el otro no se ve afectado,Respuesta_c
ECOEMS 2026,Biología,70,¿Cuál de las siguientes opciones es una característica de los ciclos biogeoquímicos?,A) No involucran ni a los organismos vivos ni a los elementos no vivos,B) Involucran tanto a los organismos vivos como a los elementos no vivos,C) Involucran solo a los organismos vivos,D) Involucran solo a los elementos no vivos,Respuesta_b
ECOEMS 2026,Biología,71,¿Cuál de las siguientes opciones es una función de los descomponedores en un ecosistema?,A) Consumir plantas y otros animales,B) Producir oxígeno y glucosa a través de la fotosíntesis,C) Descomponer materia orgánica,D) Consumir otros organismos,Respuesta_c
ECOEMS 2026,Biología,72,¿Qué es la capacidad de carga de un ecosistema?,A) La cantidad de suelo que puede contener,B) La cantidad de luz solar que puede recibir,C) La cantidad de agua que puede contener,D) El número máximo de individuos que puede soportar,Respuesta_d
ECOEMS 2026,Biología,73,¿Cuál de los siguientes es un ejemplo de un consumidor secundario?,A) Conejo,B) León,C) Tiburón,D) Águila,Respuesta_b
ECOEMS 2026,Biología,74,¿Qué tipo de relación ecológica es la depredación?,A) Depredación,B) Mutualismo,C) Comensalismo,D) Competencia,Respuesta_a
ECOEMS 2026,Biología,75,¿Cuál de las siguientes opciones es una característica de la red alimentaria?,A) Muestra las relaciones de comensalismo entre los organismos,B) Muestra las relaciones de mutualismo entre los organismos,C) Muestra las relaciones de competencia entre los organismos,D) Muestra las relaciones de depredación entre los organismos,Respuesta_d
ECOEMS 2026,Biología,76,¿Cuál de las siguientes opciones es una función del corazón?,A) Transporte de oxígeno y nutrientes,B) Digestión de alimentos,C) Producción de hormonas,D) Excreción de desechos,Respuesta_a
ECOEMS 2026,Biología,77,¿Qué es el cerebro?,A) Un órgano del sistema nervioso,B) Un órgano del sistema endocrino,C) Un órgano del sistema circulatorio,D) Un órgano del sistema digestivo,Respuesta_a
ECOEMS 2026,Biología,78,¿Cuál de los siguientes es un ejemplo de un hueso largo?,A) Costillas,B) Cráneo,C) Fémur,D) Vértebras,Respuesta_c
ECOEMS 2026,Biología,79,¿Qué tipo de tejido es el tejido muscular?,A) Tejido nervioso,B) Tejido muscular,C) Tejido conectivo,D) Tejido epitelial,Respuesta_b
ECOEMS 2026,Biología,80,¿Cuál de las siguientes opciones es una característica de los pulmones?,A) Realizan la hematopoyesis,B) Realizan la digestión,C) Realizan el intercambio de gases,D) Realizan la excreción de desechos,Respuesta_c
ECOEMS 2026,Biología,81,¿Cuál de las siguientes opciones es una función de los riñones?,A) Excreción de desechos,B) Producción de hormonas,C) Digestión de alimentos,D) Transporte de oxígeno y nutrientes,Respuesta_a
ECOEMS 2026,Biología,82,¿Qué es el hígado?,A) Un órgano del sistema endocrino,B) Un órgano del sistema circulatorio,C) Un órgano del sistema nervioso,D) Un órgano del sistema digestivo,Respuesta_d
ECOEMS 2026,Biología,83,¿Cuál de los siguientes es un ejemplo de un hueso plano?,A) Cráneo,B) Vértebras,C) Fémur,D) Costillas,Respuesta_a
ECOEMS 2026,Biología,84,¿Qué tipo de tejido es el tejido nervioso?,A) Tejido muscular,B) Tejido conectivo,C) Tejido nervioso,D) Tejido epitelial,Respuesta_c
ECOEMS 2026,Biología,85,¿Cuál de las siguientes opciones es una característica del estómago?,A) Realiza la hematopoyesis,B) Realiza el intercambio de gases,C) Realiza la digestión,D) Realiza la excreción de desechos,Respuesta_c
ECOEMS 2026,Biología,86,¿Cuál de las siguientes opciones es una función de los glóbulos blancos?,A) Producción de hormonas,B) Defensa inmunológica,C) Digestión de alimentos,D) Transporte de oxígeno y nutrientes,Respuesta_b
ECOEMS 2026,Biología,87,¿Qué es el páncreas?,A) Un órgano del sistema nervioso,B) Un órgano del sistema circulatorio,C) Un órgano del sistema endocrino,D) Un órgano del sistema digestivo,Respuesta_d
ECOEMS 2026,Biología,88,¿Cuál de los siguientes es un ejemplo de un hueso corto?,A) Vértebras,B) Falanges,C) Fémur,D) Cráneo,Respuesta_b
ECOEMS 2026,Biología,89,¿Qué tipo de tejido es el tejido conectivo?,A) Tejido muscular,B) Tejido epitelial,C) Tejido conectivo,D) Tejido nervioso,Respuesta_c
ECOEMS 2026,Biología,90,¿Cuál de las siguientes opciones es una característica del intestino delgado?,A) Realiza la hematopoyesis,B) Realiza la digestión y absorción de nutrientes,C) Realiza la excreción de desechos,D) Realiza el intercambio de gases,Respuesta_b
ECOEMS 2026,Biología,91,¿Cuál de las siguientes opciones es una característica de las plantas vasculares?,A) No tienen tejidos para transportar agua y nutrientes,B) No realizan la fotosíntesis,C) Tienen tejidos para transportar agua y nutrientes,D) No tienen raíces tallos ni hojas,Respuesta_c
ECOEMS 2026,Biología,92,¿Qué es la fotosíntesis?,A) El proceso por el cual las plantas consumen oxígeno,B) El proceso por el cual las plantas producen energía,C) El proceso por el cual las plantas producen dióxido de carbono,D) El proceso por el cual las plantas consumen glucosa,Respuesta_b
ECOEMS 2026,Biología,93,¿Cuál de los siguientes es un ejemplo de una planta no vascular?,A) Roble,B) Musgo,C) Pino,D) Girasol,Respuesta_b
ECOEMS 2026,Biología,94,¿Qué tipo de planta es una angiosperma?,A) Una planta que no produce semillas,B) Una planta que produce esporas,C) Una planta que produce semillas dentro de un fruto,D) Una planta que produce semillas desnudas,Respuesta_c
ECOEMS 2026,Biología,95,¿Cuál de las siguientes opciones es una característica de las plantas gimnospermas?,A) Producen semillas desnudas,B) Producen semillas dentro de un fruto,C) No realizan la fotosíntesis,D) No producen semillas,Respuesta_a
ECOEMS 2026,Biología,96,¿Cuál de las siguientes opciones es una función de las raíces de las plantas?,A) Absorber agua y nutrientes del suelo,B) Realizar la fotosíntesis,C) Producir flores y frutos,D) Producir semillas,Respuesta_a
ECOEMS 2026,Biología,97,¿Qué es la transpiración en las plantas?,A) La absorción de dióxido de carbono por las hojas,B) La pérdida de agua por las hojas,C) La absorción de agua por las raíces,D) La liberación de oxígeno por las hojas,Respuesta_b
ECOEMS 2026,Biología,98,¿Cuál de los siguientes es un ejemplo de una planta perenne?,A) Maíz,B) Girasol,C) Trigo,D) Pino,Respuesta_d
ECOEMS 2026,Biología,99,¿Qué tipo de planta es una monocotiledónea?,A) Una planta que tiene tres cotiledones en su semilla,B) Una planta que tiene un cotiledón en su semilla,C) Una planta que no tiene cotiledones en su semilla,D) Una planta que tiene dos cotiledones en su semilla,Respuesta_b
ECOEMS 2026,Biología,100,¿Cuál de las siguientes opciones es una característica de las plantas dicotiledóneas?,A) Tienen hojas con venación reticulada,B) Tienen flores con partes en múltiplos de tres,C) Tienen semillas con un solo cotiledón,D) Tienen hojas con venación paralela,Respuesta_a
ECOEMS 2026,Biología,101,¿Cuál de las siguientes opciones es una característica de los mamíferos?,A) Tienen escamas,B) Tienen plumas,C) Tienen pelo o pelaje,D) Tienen exoesqueleto,Respuesta_c
ECOEMS 2026,Biología,102,¿Qué es la metamorfosis en los animales?,A) El proceso de respiración,B) El proceso de alimentación,C) El proceso de crecimiento y desarrollo,D) El proceso de reproducción,Respuesta_c
ECOEMS 2026,Biología,103,¿Cuál de los siguientes es un ejemplo de un reptil?,A) Águila,B) Serpiente,C) León,D) Conejo,Respuesta_b
ECOEMS 2026,Biología,104,¿Qué tipo de animal es un anfibio?,A) Un animal que vive en el aire,B) Un animal que vive solo en la tierra,C) Un animal que puede vivir tanto en el agua como en la tierra,D) Un animal que vive solo en el agua,Respuesta_c
ECOEMS 2026,Biología,105,¿Cuál de las siguientes opciones es una característica de los peces?,A) Tienen pelo,B) Tienen patas,C) Tienen alas,D) Tienen branquias,Respuesta_d
ECOEMS 2026,Biología,106,¿Cuál de las siguientes opciones es una función de las plumas en las aves?,A) Ayudan en la digestión,B) Ayudan en la audición,C) Ayudan en la respiración,D) Ayudan en el vuelo y proporcionan aislamiento,Respuesta_d
ECOEMS 2026,Biología,107,¿Qué es la ecdisis en los animales?,A) El proceso de muda de piel o exoesqueleto,B) El proceso de alimentación,C) El proceso de respiración,D) El proceso de crecimiento y desarrollo,Respuesta_a
ECOEMS 2026,Biología,108,¿Cuál de los siguientes es un ejemplo de un insecto?,A) Mariposa,B) Serpiente,C) León,D) Águila,Respuesta_a
ECOEMS 2026,Biología,109,¿Qué tipo de animal es un arácnido?,A) Un tipo de pez,B) Un tipo de mamífero,C) Un tipo de artrópodo,D) Un tipo de ave,Respuesta_c
ECOEMS 2026,Biología,110,¿Cuál de las siguientes opciones es una característica de los crustáceos?,A) Tienen alas,B) Tienen pelo,C) Tienen branquias,D) Tienen patas,Respuesta_d
ECOEMS 2026,Biología,111,¿Cuál de las siguientes opciones es una característica de las bacterias?,A) Son eucariotas,B) Son procariotas,C) Son multicelulares,D) Tienen orgánulos envueltos en membranas,Respuesta_b
ECOEMS 2026,Biología,112,¿Qué es la conjugación bacteriana?,A) Un proceso de división celular,B) Un proceso de reproducción asexual,C) Un proceso de transferencia de material genético,D) Un proceso de reproducción sexual,Respuesta_c
ECOEMS 2026,Biología,113,¿Cuál de los siguientes es un ejemplo de un virus?,A) E. coli,B) S. cerevisiae,C) P. aeruginosa,D) Influenza,Respuesta_d
ECOEMS 2026,Biología,114,¿Qué tipo de organismo es un hongo?,A) Un organismo procariota,B) Un organismo eucariota,C) Un organismo unicelular,D) Un organismo multicelular,Respuesta_b
ECOEMS 2026,Biología,115,¿Cuál de las siguientes opciones es una característica de los protozoos?,A) Son unicelulares,B) Son eucariotas,C) Son procariotas,D) Son multicelulares,Respuesta_a
ECOEMS 2026,Biología,116,¿Cuál de las siguientes opciones es una función de los antibióticos?,A) Inhibir el crecimiento de virus,B) Inhibir el crecimiento de bacterias,C) Inhibir el crecimiento de protozoos,D) Inhibir el crecimiento de hongos,Respuesta_b
ECOEMS 2026,Biología,117,¿Qué es la resistencia a los antibióticos?,A) La capacidad de un organismo para resistir los efectos de un antiviral,B) La capacidad de un organismo para resistir los efectos de un antiprotozoario,C) La capacidad de un organismo para resistir los efectos de un antibiótico,D) La capacidad de un organismo para resistir los efectos de un antifúngico,Respuesta_c
ECOEMS 2026,Biología,118,¿Cuál de los siguientes es un ejemplo de una bacteria grampositiva?,A) H. influenzae,B) E. coli,C) P. aeruginosa,D) S. aureus,Respuesta_d
ECOEMS 2026,Biología,119,¿Qué tipo de organismo es un alga?,A) Un organismo procariota,B) Un organismo eucariota,C) Un organismo multicelular,D) Un organismo unicelular,Respuesta_b
ECOEMS 2026,Biología,120,¿Cuál de las siguientes opciones es una característica de los priones?,A) Son partículas de proteínas,B) Son partículas bacterianas,C) Son partículas virales,D) Son partículas de ADN,Respuesta_a
ECOEMS 2026,Biología,121,¿Cuál de las siguientes opciones es una función del sistema circulatorio?,A) Eliminar los desechos del cuerpo,B) Transportar oxígeno y nutrientes a las células,C) Mantener la temperatura corporal,D) Todas las anteriores,Respuesta_d
ECOEMS 2026,Biología,122,¿Qué es la homeostasis?,A) La capacidad del cuerpo para adaptarse a los cambios en el entorno externo,B) La capacidad del cuerpo para reparar tejidos dañados,C) La capacidad del cuerpo para combatir infecciones,D) La capacidad del cuerpo para mantener un estado de equilibrio interno,Respuesta_d
ECOEMS 2026,Biología,123,¿Cuál de los siguientes es un ejemplo de un órgano del sistema digestivo?,A) Pulmón,B) Estómago,C) Corazón,D) Riñón,Respuesta_b
ECOEMS 2026,Biología,124,¿Qué tipo de células se encuentran en el sistema nervioso?,A) Células musculares,B) Células sanguíneas,C) Células epiteliales,D) Neuronas,Respuesta_d
ECOEMS 2026,Biología,125,¿Cuál de las siguientes opciones es una característica del sistema endocrino?,A) Regula las funciones corporales mediante la liberación de neurotransmisores,B) Regula las funciones corporales mediante la liberación de enzimas,C) Regula las funciones corporales mediante la liberación de hormonas,D) Regula las funciones corporales mediante la liberación de anticuerpos,Respuesta_c
ECOEMS 2026,Biología,126,¿Cuál de las siguientes opciones es una función del sistema inmunológico?,A) Proteger al cuerpo contra enfermedades e infecciones,B) Transportar oxígeno y nutrientes a las células,C) Mantener la temperatura corporal,D) Eliminar los desechos del cuerpo,Respuesta_a
ECOEMS 2026,Biología,127,¿Qué es la sinapsis en el sistema nervioso?,A) El proceso de transporte de oxígeno,B) El proceso de digestión de alimentos,C) El proceso de transmisión de señales entre las neuronas,D) El proceso de división celular,Respuesta_c
ECOEMS 2026,Biología,128,¿Cuál de los siguientes es un ejemplo de un órgano del sistema respiratorio?,A) Corazón,B) Estómago,C) Pulmón,D) Riñón,Respuesta_c
ECOEMS 2026,Geografía,1,¿Cuál es el río más largo de México?,Río Bravo,Río Lerma,Río Balsas,Río Grijalva,Respuesta_a
ECOEMS 2026,Geografía,2,¿Cuál es la ubicación geográfica de México?,América del Sur,América Central,América del Norte,Europa,Respuesta_c
ECOEMS 2026,Geografía,3,¿Cuál es la península más grande de México?,Península de Baja California,Península de Yucatán,Península de California,Península de Sonora,Respuesta_b
ECOEMS 2026,Geografía,4,¿Cuál es la capital de México?,Guadalajara,Monterrey,Puebla,Ciudad de México,Respuesta_d
ECOEMS 2026,Geografía,5,¿Cuál es el lago más grande de México?,Lago de Chapala,Lago de Pátzcuaro,Lago de Cuitzeo,Lago de Zirahuén,Respuesta_a
ECOEMS 2026,Geografía,6,¿Cuál es el estado más grande de México?,Chihuahua,Sonora,Coahuila,Durango,Respuesta_a
ECOEMS 2026,Geografía,7,¿Qué océanos bañan las costas de México?,Atlántico e Índico,Pacífico y Ártico,Atlántico y Pacífico,Índico y Ártico,Respuesta_b
ECOEMS 2026,Geografía,8,¿Con qué países limita México al norte?,Guatemala y Belice,Estados Unidos,Canadá,Brasil,Respuesta_b
ECOEMS 2026,Geografía,9,¿Cuál es el desierto más grande de México?,Desierto de Sonora,Desierto de Chihuahua,Desierto de Altar,Desierto de Mapimí,Respuesta_a
ECOEMS 2026,Geografía,10,¿Cuál es la montaña más alta de México?,Iztaccíhuatl,Popocatépetl,Pico de Orizaba,Nevado de Toluca,Respuesta_c
ECOEMS 2026,Geografía,11,¿Cuál es el estado más pequeño de México?,Aguascalientes,Colima,Tlaxcala,Morelos,Respuesta_c
ECOEMS 2026,Geografía,12,¿Cuál es el estado más poblado de México (Excepto Ciudad de México)?,Ciudad de México,Estado de México,Veracruz,Jalisco,Respuesta_b
ECOEMS 2026,Geografía,13,¿Cuál es el volcán más activo de México?,Paricutín,Iztaccíhuatl,Pico de Orizaba,Popocatépetl,Respuesta_d
ECOEMS 2026,Geografía,14,¿Cuál es la ciudad más poblada de México?,Puebla,Guadalajara,Monterrey,Ciudad de México,Respuesta_d
ECOEMS 2026,Geografía,15,¿Cuál es el río más caudaloso de México?,Río Balsas,Río Lerma,Río Bravo,Río Grijalva,Respuesta_c
ECOEMS 2026,Geografía,16,¿Cuál es la isla más grande de México?,Isla Mujeres,Isla Ángel de la Guarda,Isla Cozumel,Isla Tiburón,Respuesta_d
ECOEMS 2026,Geografía,17,¿Cuál es el estado más al norte de México?,Baja California,Sonora,Chihuahua,Coahuila,Respuesta_a
ECOEMS 2026,Geografía,18,¿Cuál es el estado más al sur de México?,Campeche,Tabasco,Chiapas,Yucatán,Respuesta_c
ECOEMS 2026,Geografía,19,¿Cuál es el estado más al oeste de México?,Baja California,Baja California Sur,Sonora,Sinaloa,Respuesta_a
ECOEMS 2026,Geografía,20,¿Cuál es la península más al sur de México?,Península de Baja California,Península de Yucatán,Península de California,Península de Sonora,Respuesta_b
ECOEMS 2026,Geografía,21,¿Cuál es el estado más al centro de México?,Hidalgo,Estado de México,Aguascalientes,Tlaxcala,Respuesta_c
ECOEMS 2026,Geografía,22,¿Cuál es el estado más al sureste de México?,Yucatán,Tabasco,Campeche,Chiapas,Respuesta_d
ECOEMS 2026,Geografía,23,¿Cuál es el estado más al noroeste de México?,Baja California,Baja California Sur,Sonora,Sinaloa,Respuesta_a
ECOEMS 2026,Geografía,24,¿Cuál es el estado más al noreste de México?,Nuevo León,Estado de México,Tamaulipas,Chihuahua,Respuesta_c
ECOEMS 2026,Geografía,25,¿Cuál es el estado más al suroeste de México?,Colima,Oaxaca,Guerrero,Michoacán,Respuesta_b
ECOEMS 2026,Geografía,26,¿Cuál es el estado más al centro-norte de México?,Zacatecas,San Luis Potosí,Aguascalientes,Durango,Respuesta_a
ECOEMS 2026,Geografía,27,¿Cuáles son los continentes del mundo?,"América, Europa, Asia, África y Oceania","América, Europa, Asia y África","América del Norte, América del Sur, Europa","América del Norte, América Central, Asia",Respuesta_a
ECOEMS 2026,Geografía,28,¿Cuál es el continente más extenso?,Antártida,América,África,Asia,Respuesta_d
ECOEMS 2026,Geografía,29,¿Cuál es el continente más poblado?,América,Asia,Europa,África,Respuesta_b
ECOEMS 2026,Geografía,30,¿Cuál es el océano más grande del mundo?,Atlántico,Índico,Pacífico,Antártico,Respuesta_c
ECOEMS 2026,Geografía,31,¿Cuál es el país más grande del mundo?,Canadá,China,Estados Unidos,Rusia,Respuesta_d
ECOEMS 2026,Geografía,32,¿Cuál es el país más poblado del mundo?,Pakistan,Japón,India,China,Respuesta_d
ECOEMS 2026,Geografía,33,¿Cuál es la montaña más alta del mundo?,K2,Monte Everest,Kangchenjunga,Lhotse,Respuesta_b
ECOEMS 2026,Geografía,34,¿Cuál es el río más largo del mundo?,Río Nilo,Río Amazonas,Río Yangtsé,Río Misisipi,Respuesta_a
ECOEMS 2026,Geografía,35,¿Cuál es el desierto más grande del mundo?,Desierto de los Leones,Desierto de Gobi,Desierto de Kalahari,Desierto del Sahara,Respuesta_d
ECOEMS 2026,Geografía,36,¿Cuál es la isla más grande del mundo?,Groenlandia,Nueva Guinea,Borneo,Madagascar,Respuesta_a
ECOEMS 2026,Geografía,37,¿Cuál es el volcán más activo del mundo?,Monte Vesubio,Monte Etna,Kilauea,Monte Santa Helena,Respuesta_c
ECOEMS 2026,Geografía,38,¿Cuál es la ciudad más poblada del mundo?,Londres,Nueva Delhi,Shanghái,São Paulo,Respuesta_b
ECOEMS 2026,Geografía,39,¿Cuál es el parque nacional más grande del mundo?,Parque Nacional Yellowstone,Parque Nacional Banff,Parque Nacional Kruger,Parque Nacional Noreste de Groenlandia,Respuesta_a
ECOEMS 2026,Geografía,40,¿Cuál es el río más caudaloso del mundo?,Río Nilo,Río Amazonas,Río Yangtsé,Río Misisipi,Respuesta_b
ECOEMS 2026,Geografía,41,¿Cuál es la península más grande del mundo?,Península Canadiense,Península Ibérica,Península de Kamchatka,Península de Malaca,Respuesta_a
ECOEMS 2026,Geografía,42,¿Cuál es el país más al norte del mundo?,Canadá,Rusia,Noruega,Dinamarca,Respuesta_b
ECOEMS 2026,Geografía,43,¿Cuál es el país más al sur del mundo?,Argentina,Chile,Nueva Zelanda,Australia,Respuesta_a
ECOEMS 2026,Geografía,44,¿Cuál es el país más al este del mundo?,Nueva Zelanda,Australia,Japón,Rusia,Respuesta_d
ECOEMS 2026,Geografía,45,¿Cuál es el país más al oeste del mundo?,Rusia,Nueva Zelanda,Australia,EE.UU,Respuesta_d
ECOEMS 2026,Geografía,46,¿Cuál es el país más al centro del mundo?,Ecuador,Colombia,Brasil,Perú,Respuesta_a
ECOEMS 2026,Geografía,47,¿Cuál es el país más al noreste del mundo?,Suecia,Rusia,Noruega,Finlandia,Respuesta_b
ECOEMS 2026,Geografía,48,¿Cuál es la capa más alta de la Tierra?,Núcleo,Manto,Corteza,Atmósfera,Respuesta_d
ECOEMS 2026,Geografía,49,¿Qué es un continente?,Una gran masa de tierra rodeada de agua,Una gran masa de agua rodeada de tierra,Una gran masa de tierra y agua,Una gran masa de agua y aire,Respuesta_a
ECOEMS 2026,Geografía,50,¿Cuál es el océano más pequeño del mundo?,Atlántico,Índico,Ártico,Antártico,Respuesta_c
ECOEMS 2026,Geografía,51,¿Qué es un archipiélago?,Un grupo de montañas,Un grupo de ríos,Un grupo de islas,Un grupo de lagos,Respuesta_c
ECOEMS 2026,Geografía,52,¿Qué es una península?,Una extensión de tierra rodeada de agua por tres lados,Una extensión de tierra rodeada de agua por dos lados,Una extensión de tierra rodeada de agua por un lado,Una extensión de tierra rodeada de agua por cuatro lados,Respuesta_a
ECOEMS 2026,Geografía,53,¿Qué es una cordillera?,Un conjunto de volcanes activos,Un conjunto de valles alineados,Un conjunto de ríos alineados,Un conjunto de montañas alineadas,Respuesta_d
ECOEMS 2026,Geografía,54,¿Qué es un istmo?,Una franja estrecha de tierra que une dos masas continentales mayores,Una franja estrecha de agua que une dos masas continentales mayores,Una franja estrecha de aire que une dos masas continentales mayores,Una franja estrecha de tierra que separa dos masas continentales mayores,Respuesta_a
ECOEMS 2026,Geografía,55,¿Qué es un acantilado?,Una pendiente abrupta y alta junto al mar o a un río,Una pendiente suave y baja junto al mar o a un río,Una pendiente abrupta y baja junto al mar o a un río,Una pendiente suave y alta junto al mar o a un río,Respuesta_a
ECOEMS 2026,Geografía,56,¿Qué es una meseta?,Una extensión de tierra baja y elevada,Una extensión de tierra plana y baja,Una extensión de tierra inclinada y elevada,Una extensión de tierra plana y alta,Respuesta_d
ECOEMS 2026,Geografía,57,¿Qué es una cuenca hidrográfica?,El área de tierra donde el agua de lluvia drena hacia un río o lago específico,El área de tierra donde el agua de lluvia no drena hacia un río o lago específico,El área de agua donde el agua de lluvia drena hacia un río o lago específico,El área de aire donde el agua de lluvia drena hacia un río o lago específico,Respuesta_a
ECOEMS 2026,Geografía,58,¿Qué es una depresión?,Una zona más baja que las áreas circundantes,Una zona más alta que las áreas circundantes,Una zona igual que las áreas circundantes,Una zona más baja que las áreas lejanas,Respuesta_a
ECOEMS 2026,Geografía,59,¿Qué es una falla geológica?,Una fractura en la corteza terrestre donde no ha habido movimiento,Una fractura en la corteza terrestre donde ha habido movimiento,Una fractura en la atmósfera terrestre donde ha habido movimiento,Una fractura en la atmósfera terrestre donde no ha habido movimiento,Respuesta_b
ECOEMS 2026,Geografía,60,¿Qué es una fosa oceánica?,Un valle no profundo en el fondo del océano,Un valle profundo en la superficie del océano,Un valle poco profundo en el fondo del océano,Un valle poco profundo en la superficie del océano,Respuesta_b
ECOEMS 2026,Geografía,61,¿Qué es una duna?,Un montículo de arena formado por el agua,Un montículo de arena formado por el fuego,Un montículo de arena formado por el aire,Un montículo de arena formado por la tierra,Respuesta_c
ECOEMS 2026,Geografía,62,¿Qué es una bahía?,Una entrada del mar en la costa que forma una concavidad.,Una entrada del mar en la costa que forma una convexidad.,Una entrada del aire en la costa que forma una concavidad.,Una entrada del aire en la costa que forma una convexidad.,Respuesta_a
ECOEMS 2026,Geografía,63,¿Qué es un volcán?,"Una abertura en la superficie terrestre por donde entra aire, ceniza y gases","Una abertura en la superficie terrestre por donde sale magma, ceniza y gases","Una abertura en la superficie terrestre por donde sale agua, ceniza y gases","Una abertura en la superficie terrestre por donde entra agua, ceniza y gases",Respuesta_b
ECOEMS 2026,Geografía,64,¿Qué es una laguna costera?,Un cuerpo de agua salada separado del mar por una franja de tierra,Un cuerpo de agua dulce separado del mar por una franja de tierra,Un cuerpo de agua separado del aire por una franja de tierra,Un cuerpo de agua separado del aire por una franja de mar,Respuesta_b
ECOEMS 2026,Geografía,65,¿Qué es un cañón?,"Un valle poco profundo con paredes empinadas, creado por la erosión del agua o del viento","Un valle profundo con paredes suaves, creado por la erosión del agua o del viento","Un valle poco profundo con paredes suaves, creado por la erosión del agua o del viento","Un valle profundo con paredes empinadas, creado por la erosión del agua o del viento",Respuesta_d
ECOEMS 2026,Geografía,66,¿Qué es un oasis?,Un área infértil en un desierto donde no hay agua ni vegetación,Un área fértil en un desierto donde hay agua y vegetación,Un área fértil en una selva donde hay agua y vegetación,Un área fértil en una selva donde no hay agua ni vegetación,Respuesta_b
ECOEMS 2026,Geografía,67,¿Qué es un valle?,Una elevación alargada entre montañas o colinas,Una depresión alargada entre ríos o lagos,Una depresión alargada entre montañas o colinas,Una elevación alargada entre ríos o lagos,Respuesta_c
ECOEMS 2026,Geografía,68,¿Qué es un golfo?,Una gran entrada del mar en la costa que forma una concavidad.,Una gran entrada del mar en la costa que forma una convexidad.,Una gran entrada de océano en un contiene formando una concavidad.,Una gran entrada del aire en la costa que forma una convexidad.,Respuesta_c
ECOEMS 2026,Geografía,69,¿Qué es un lago?,Un cuerpo de agua salada rodeado de tierra,Un cuerpo de tierra rodeado de agua,Un cuerpo de aire rodeado de tierra,Un cuerpo de agua dulce rodeado de tierra,Respuesta_d
ECOEMS 2026,Geografía,70,¿Qué es un río?,"Un curso natural de agua que fluye hacia el mar, un lago u otro río",Un curso natural de agua que fluye hacia la montaña o la colina,"Un curso natural de tierra que fluye hacia el mar, un lago u otro río",Un curso natural de tierra que fluye hacia la montaña o la colina,Respuesta_a
ECOEMS 2026,Geografía,71,¿Qué es una isla?,Una extensión de tierra rodeada de agua salada,Una extensión de agua salada rodeada de tierra,Una extensión de aire contaminado rodeada de tierra,Una extensión de tierra rodeada de aire,Respuesta_a
ECOEMS 2026,Geografía,72,¿Qué es un mar?,Un cuerpo de agua dulce conectado con el océano,Un cuerpo de agua salada conectado con el océano,Un cuerpo de agua salada no conectado con el océano,Un cuerpo de agua dulce no conectado con el océano,Respuesta_c
ECOEMS 2026,Geografía,73,¿Qué es una montaña?,Una elevación natural del terreno con una cima definida y una altura considerable,Una depresión natural del terreno con una cima definida y una altura considerable,Una elevación natural del terreno con una base definida y una altura considerable,Una depresión natural del terreno con una base definida y una altura considerable,Respuesta_a
ECOEMS 2026,Geografía,74,¿Qué es un océano?,Un cuerpo enorme de agua salada que cubre la mayor parte de la superficie terrestre,Un cuerpo enorme de agua dulce que cubre la mayor parte de la superficie terrestre,Un cuerpo enorme de tierra que cubre la mayor parte de la superficie terrestre,Un cuerpo enorme de aire que cubre la mayor parte de la superficie terrestre,Respuesta_a
ECOEMS 2026,Geografía,75,¿Qué es un pantano?,Un área húmeda y pantanosa donde crecen plantas acuáticas,Un área seca y arenosa donde crecen plantas acuáticas,Un área húmeda y pantanosa donde no crecen plantas acuáticas,Un área seca y arenosa donde no crecen plantas acuáticas,Respuesta_a
ECOEMS 2026,Geografía,76,¿Qué es una planicie?,Una extensión grande y alta de mar,Una extensión grande y plana de tierra,Una extensión grande e inclinada de tierra,Una extensión grande y plana de tierra,Respuesta_b
ECOEMS 2026,Geografía,77,¿Qué es un estrecho?,Un canal de tierra que conecta dos cuerpos de agua más grandes,Un canal de aire que conecta dos cuerpos de agua más grandes,Un canal de fuego que conecta dos cuerpos de agua más grandes,Un canal de agua que conecta dos cuerpos de agua más grandes,Respuesta_d
ECOEMS 2026,Geografía,78,¿Qué es una tundra?,Un bioma frío y seco con vegetación alta y permafrost,Un bioma cálido y húmedo con vegetación alta y permafrost,Un bioma frío y húmedo con vegetación baja y permafrost,Un bioma cálido y seco con vegetación alta y permafrost,Respuesta_a
ECOEMS 2026,Geografía,79,¿Qué es un valle glaciar?,Un monte en forma de U creado por la erosión de un glaciar,Un valle en forma de V creado por la erosión de un glaciar,Un valle en forma de U creado por la erosión de un río,Un valle en forma de V creado por la erosión de un río,Respuesta_b
ECOEMS 2026,Geografía,80,¿Qué es una zona climática?,Una región del planeta con características climáticas similares,Una región del planeta con características geográficas similares,Una región del planeta con características políticas similares,Una región del planeta con características económicas similares,Respuesta_b
ECOEMS 2026,Geografía,81,¿Qué es una zona de subducción?,Una región donde una placa tectónica se desliza debajo de otra,Una región donde una placa tectónica se desliza encima de otra,Una región donde una placa tectónica se desliza al lado de otra,Una región donde una placa tectónica se separa de otra,Respuesta_a
ECOEMS 2026,Geografía,82,¿Qué es un acuífero?,Una capa subterránea de roca o sedimento que no contiene agua,Una capa subterránea de roca o sedimento que contiene agua,Una capa subterránea de aire o gas que contiene agua,Una capa subterránea de aire o gas que no contiene agua,Respuesta_b
ECOEMS 2026,Geografía,83,¿Qué es un arrecife de coral?,Una estructura submarina formada por el crecimiento y depósito de algas y otros organismos marinos,Una estructura submarina formada por el crecimiento y depósito de algas y otros organismo marinos,Una estructura submarina formada por el crecimiento y depósito de peces y otros organismos marinos,Una estructura terrestre formada por el crecimiento y depósito de coral y otros organismos marinos,Respuesta_a
ECOEMS 2026,Geografía,84,¿Qué es un bosque lluvioso?,Un bioma cálido y húmedo con baja precipitación y vegetación densa,Un bioma frío y seco con baja precipitación y vegetación escasa,Un bioma cálido y seco con baja precipitación y vegetación densa,Un bioma frío y húmedo con alta precipitación y vegetación escasa,Respuesta_d
ECOEMS 2026,Geografía,85,¿Qué es un desierto?,Un bioma árido con baja precipitación y vegetación densa,Un bioma húmedo con alta precipitación y vegetación densa,Un bioma árido con alta precipitación y vegetación escasa,Un bioma húmedo con baja precipitación y vegetación densa,Respuesta_a
ECOEMS 2026,Geografía,86,¿Cuál es la capital del estado de México?,Nezahualcóyotl,Ecatepec,Naucalpan,Toluca,Respuesta_d
ECOEMS 2026,Geografía,87,¿Cuál es la capital del estado de Ciudad de México?,Ciudad de México,Iztapalapa,Gustavo A. Madero,Álvaro Obregón,Respuesta_a
ECOEMS 2026,Geografía,88,¿Cuál es la capital del estado de Tabasco?,Tabasco,Cárdenas,Comalcalco,Villahermosa,Respuesta_d
ECOEMS 2026,Geografía,89,¿Cuál es la capital del estado de Campeche?,Calkiní,Ciudad del Carmen,Campeche,Champotón,Respuesta_c
ECOEMS 2026,Geografía,90,¿Cuál es la capital del estado de Quintana Roo?,Cancún,Chetumal,Playa del Carmen,Cozumel,Respuesta_b
ECOEMS 2026,Geografía,91,¿Cuál es la capital del estado de Baja California Sur?,Loreto,Cabo San Lucas,San José del Cabo,La Paz,Respuesta_d
ECOEMS 2026,Geografía,92,¿Cuál es la capital del estado de Sonora?,Nogales,Ciudad Obregón,Hermosillo,San Luis Río Colorado,Respuesta_c
ECOEMS 2026,Geografía,93,¿Cuál es la capital del estado de Sinaloa?,Los Mochis,Mazatlán,Culiacán,Guasave,Respuesta_c
ECOEMS 2026,Geografía,94,¿Cuál es la capital del estado de Coahuila?,Piedras Negras,Torreón,Saltillo,Coahuila,Respuesta_c
ECOEMS 2026,Geografía,95,¿Cuál es la capital del estado de Tamaulipas?,Ciudad Victoria,Reynosa,Matamoros,Nuevo Laredo,Respuesta_a
ECOEMS 2026,Geografía,96,¿Cuál es la capital del estado de Baja California?,Tijuana,Mexicali,Ensenada,Tecate,Respuesta_b
ECOEMS 2026,Geografía,97,¿Cuál es la capital del estado de Zacatecas?,Río Grande,Fresnillo,Guadalupe,Zacatecas,Respuesta_d
ECOEMS 2026,Geografía,98,¿Cuál es la capital del estado de San Luis Potosí?,Matehuala,Ciudad Valles,San Luis Potosí,Rioverde,Respuesta_c
ECOEMS 2026,Geografía,99,¿Cuál es la capital del estado de Durango?,El Salto,Gómez Palacio,Ciudad Lerdo,Durango,Respuesta_d
ECOEMS 2026,Geografía,100,¿Cuál es la capital del estado de Nayarit?,San Blas,Puerto Vallarta,Tepic,Compostela,Respuesta_c
ECOEMS 2026,Geografía,101,¿Cuál es la capital del estado de Colima?,Armería,Manzanillo,Colima,Villa de Álvarez,Respuesta_c
ECOEMS 2026,Geografía,102,¿Cuál es la capital del estado de Aguascalientes?,Calvillo,Jesús María,Aguascalientes,Rincón de Romos,Respuesta_c
ECOEMS 2026,Geografía,103,¿Cuál es la capital del estado de Hidalgo?,Tulancingo,Pachuca,Tula de Allende,Huejutla de Reyes,Respuesta_b
ECOEMS 2026,Geografía,104,¿Cuál es la capital del estado de Tlaxcala?,Tlaxcala,Apizaco,Huamantla,Zacatelco,Respuesta_a
ECOEMS 2026,Geografía,105,¿Cuál es la capital del estado de Morelos?,Cuautla,Cuernavaca,Jiutepec,Temixco,Respuesta_b
ECOEMS 2026,Geografía,106,¿Cuál es la capital del estado de Michoacán?,Lázaro Cárdenas,Uruapan,Zamora,Morelia,Respuesta_d
ECOEMS 2026,Geografía,107,¿Cuál es la capital del estado de Guanajuato?,Guanajuato,León,Irapuato,Celaya,Respuesta_a
ECOEMS 2026,Geografía,108,¿Cuál es la capital del estado de Querétaro?,Tequisquiapan,San Juan del Río,Querétaro,Jalpan de Serra,Respuesta_c
ECOEMS 2026,Geografía,109,¿Cuál es la capital del estado de Chiapas?,Tuxtla Gutiérrez,San Cristóbal de las Casas,Tapachula,Comitán,Respuesta_a
ECOEMS 2026,Geografía,110,¿Cuál es la capital del estado de Oaxaca?,Oaxaca,Puerto Escondido,Huatulco,Juchitán,Respuesta_a
ECOEMS 2026,Geografía,111,¿Cuál es la capital del estado de Guerrero?,Acapulco,Chilpancingo,Taxco,Zihuatanejo,Respuesta_b
ECOEMS 2026,Geografía,112,¿Cuál es la capital del estado de Nuevo León?,Reynosa,Saltillo,Monterrey,Matamoros,Respuesta_c
ECOEMS 2026,Geografía,113,¿Cuál es la capital del estado de Veracruz?,Veracruz,Xalapa,Coatzacoalcos,Poza Rica,Respuesta_b
ECOEMS 2026,Geografía,114,¿Cuál es la capital del estado de Puebla?,Cholula,Tlaxcala,Puebla,Atlixco,Respuesta_c
ECOEMS 2026,Geografía,115,¿Cuál es la capital del estado de Chihuahua?,Chihuahua,Tijuana,Monterrey,Hermosillo,Respuesta_a
ECOEMS 2026,Geografía,116,¿Cuál es la capital del estado de Yucatán?,Cancún,Mérida,Campeche,Villahermosa,Respuesta_b
ECOEMS 2026,Geografía,117,¿Cuál es la capital del estado de Jalisco?,Puerto Vallarta,San Juan De Los Lagos,Guadalajara,Zapopan,Respuesta_c
ECOEMS 2026,Geografía,118,¿Cuál es la capital del estado de Querétaro?,Tequisquiapan,San Juan del Río,Querétaro,Jalpan de Serra,Respuesta_c
ECOEMS 2026,Geografía,119,¿Cuál es la capital de Francia?,Niza,Marsella,Lyon,París,Respuesta_d
ECOEMS 2026,Geografía,120,¿Cuál es la capital de Italia?,Turín,Milán,Nápoles,Roma,Respuesta_d
ECOEMS 2026,Geografía,121,¿Cuál es la capital de España?,Sevilla,Barcelona,Valencia,Madrid,Respuesta_d
ECOEMS 2026,Geografía,122,¿Cuál es la capital de Alemania?,Múnich,Hamburgo,Berlín,Colonia,Respuesta_c
ECOEMS 2026,Geografía,123,¿Cuál es la capital de Reino Unido?,Manchester,Birmingham,Londres,Leeds,Respuesta_c
ECOEMS 2026,Geografía,124,¿Cuál es la capital de Portugal?,Lisboa,Oporto,Braga,Coímbra,Respuesta_a
ECOEMS 2026,Geografía,125,¿Cuál es la capital de Rusia?,San Petersburgo,Moscú,Novosibirsk,Ekaterimburgo,Respuesta_b
ECOEMS 2026,Geografía,126,¿Cuál es la capital de Ucrania?,Chernobyl,Járkov,Kiev,Dnipro,Respuesta_c
ECOEMS 2026,Geografía,127,¿Cuál es la capital de Bielorrusia?,Grodno,Minsk,Moguiliov,Vitebsk,Respuesta_b
ECOEMS 2026,Geografía,128,¿Cuál es la capital de Islandia?,Garðabæ,Reykavik,Hafnarfjörður,Akureyri,Respuesta_b
ECOEMS 2026,Formación Cívica y Ética,1,¿Cuál de las siguientes situaciones presenta un asunto privado que repercute en el bienestar colectivo?,"Francisco tuvo un problema de salud que le impidió ir a clases, pero se comunicó con sus compañeros via internet para preparar la presentación del tema de equipo",Laura ha organizado sus actividades escolares y familiares para poder invertir semanalmente dos tardes en aprender a tocar la guitarra,"Kevin es un excelente estudiante, su equipo favorito de fútbol americano se clasificó para las finales, y el de fútbol soccer por fín ganó la copa nacional","Bryan acordó con su novia que únicamente se verían los sábados por la tarde, pues deben dedicar más tiempo a estudiar porque ambos desean tener un buen desempeño escolar",Respuesta_a
ECOEMS 2026,Formación Cívica y Ética,2,"Las siguientes situaciones están relacionadas con un aspecto educativo. ¿Cuál de ellas debe ser considerada un asunto de interés público?","Alejandra estudiará una licenciatura en negocios internacionales porque planea montar su propia empresa relacionada con productos agrícolas de su comunidad.","Jorge vive en situación de calle, trabaja como limpiaparabrisas y no acude a la escuela porque dice que prefiere comer a estudiar.","Karla, quien estudió una carrera técnica en preparación de alimentos, montó un pequeño restaurante donde trabajan varios de sus compañeros de la secundaria.","Una empresa solicita personal para el manejo de máquinas de coser, ésta es una oportunidad para quienes cursaron las tecnologías de confección de vestuario y reparación de máquinas.",Respuesta_a
ECOEMS 2026,Formación Cívica y Ética,3,"Los representantes de la comunidad solicitaron ante la autoridad municipal y la compañía de energía eléctrica, la instalación de alumbrado público para fortalecer la seguridad de los habitantes. Mientras esperan que se atienda su solicitud, se han hecho varias propuestas. ¿Cuál de ellas refleja una toma de decisiones colectiva para atender la necesidad social que se describe?","Cada familia deberá adquirir lámparas de mano para utilizarlas cuando tengan necesidad de salir por la noche.","Colocar en la puerta de cada casa un foco ahorrador de energía y mantenerlo encendido durante las horas de mayor oscuridad.","Por las noches, salir siempre acompañados por lo menos de una persona adulta y avisar a dónde se dirigen y a qué hora regresarán.","Organizar comités de vigilancia para hacer recorridos nocturnos y verificar que todo está en orden.",Respuesta_d
ECOEMS 2026,Formación Cívica y Ética,4,¿Cuál de las siguientes acciones favorece el bienestar social de las personas al mismo tiempo que atiende la equidad de género?,"Se organizó un recorrido cultural por importantes zonas arqueológicas del país para estudiantes de secundaria que han mantenido un promedio igual o mayor que ocho.","Se obsequiaron bicicletas a estudiantes de comunidades que carecen de servicio de transporte e invierten más de 30 minutos de traslado a pie de su casa a la escuela.","Se otorgó una ayuda económica a las familias indígenas que se comprometen a que sus hijas acudan a la escuela en lugar de enviarlas a trabajar fuera de su comunidad.","Se hizo un convenio con las escuelas de educación media, cercanas a la secundaria, para que den a conocer las ventajas de estudiar en ese nivel educativo.",Respuesta_c
ECOEMS 2026,Formación Cívica y Ética,5,"¿Cuál de estas situaciones es un ejemplo de toma de decisiones en la que se valoran alternativas, ventajas, desventajas posibilidades y riesgos?","Roberto, quien había ahorrado para comprar un obsequio, utilizará su dinero para comprar el tubo de ensayo que rompió al estar jugando en la clase de laboratorio de Química.","María no pudo terminar de ver una película que le encanta porque sus compañeros de equipo la esperan para ir a la biblioteca.","Andrés gastó sus ahorros para comprarse una playera, el estilo no le agrada del todo, pero es la que está de moda.","Alejandra desea continuar sus estudios de educación media, por ello hizo una lista en orden de preferencia con los datos de las escuelas que le interesan.",Respuesta_d
ECOEMS 2026,Formación Cívica y Ética,6,¿Qué proyecto es conveniente impulsar para contribuir con equidad a la mejora del entorno social de una comunidad?,"La pavimentación de la avenida principal para dar una buena imagen a los visitantes, más adelante se puede continuar con las demás calles.","La construcción de un centro deportivo y cultural con áreas verdes para promover la convivencia familiar y vecinal.","La compra de una nueva bomba de agua que permita abastecer con mayor eficiencia a los vecinos que pagan puntualmente este servicio.","La puesta en marcha de un programa de descuento de multas y recargos para aquellos que no han pagado sus impuestos oportunamente.",Respuesta_b
ECOEMS 2026,Formación Cívica y Ética,7,¿Cuál de las siguientes situaciones evidencia un uso ilegal de sustancias adictivas?,"Para mitigar temporalmente los dolores que le provoca el cáncer, la enfermera debe administrar cada vez una dosis mayor de morfina al paciente que lleva varios días hospitalizado.","Para el festejo de la empresa se acordó servir, a quien lo desee, sólo dos copas con bebida embriagante, pero uno de los empleados convenció a sus amigos para que le cedan sus bebidas.","Con la finalidad de ayudar a su papá para que disminuya la cantidad de tabaco que consume, le deja cerca de la cajetilla de cigarros imágenes de partes del cuerpo dañadas por el cigarrillo.","Un adulto hizo amistad con un adolescente; en un principio le regaló una sustancia que al consumirla le provocaba entusiasmo, ahora se la vende a un alto costo y lo amenaza.",Respuesta_d
ECOEMS 2026,Formación Cívica y Ética,8,"Son acciones en favor de la salud reproductiva de los adolescentes, excepto:","Indicar que quienes no hayan cumplido la mayoría de edad deben acudir en compañía de una persona adulta para poder brindarles información sobre métodos anticonceptivos.","Facilitar orientación y acceso gratuito o a bajo costo para la adquisición de métodos anticonceptivos, tanto en consultorios o clínicas de salud pública como en farmacias.","Brindar información en materia de sexualidad confiable, actualizada y en instituciones públicas y privadas, tanto educativas como de salud.","Informar acerca de sus derechos y de los métodos que están a su alcance para cuidar su bienestar en todas las dimensiones de su actividad sexual.",Respuesta_a
ECOEMS 2026,Formación Cívica y Ética,9,"Mariana tiene 17 años y es mamá, aunque no estaba en sus planes: ""Fue una experiencia bastante dura tener una hija a los 15 años sin saber nada"", recuerda. Y, en verdad las cosas no fueron fáciles para ella. ""Durante el embarazo tuve un techo y tenía para alimentarme, pero después, cuando nació mi hija, a veces no tenía [dinero] para los pañales o para la leche y algunas veces tuve que elegir: comía mi hija y yo no""... Por lo que se narra en el texto se infiere que la razón por la que Mariana fue madre a los 15 años es que:","Amaba a su pareja y juntos planearon ser madre y padre.","Pensó que ser madre joven le permitiría disfrutar de su hijo o hija como amiga.","No contó con la orientación para prevenir un embarazo ni consideró sus planes futuros.","Confiaba en el apoyo que le brindaría su familia para ayudarla a criar y educar a su hija.",Respuesta_c
ECOEMS 2026,Formación Cívica y Ética,10,¿En cuál de los siguientes casos se actúa asertivamente y se fortalece la autoestima?,"Aunque Rocío y Andrea tienen gustos e intereses diferentes, piensan que tener un novio guapísimo les dará mayor prestigio entre sus amigas.","Javier y Verónica están convencidos de que antes que se genere un problema deben aclarar los malos entendidos y acordar nuevas reglas de convivencia.","Cuando Elena le ha dicho a su pareja que prefiere terminar la relación recibe empujones, pero después la trata cariñosamente.","Para no tener problemas, José prefiere no comentar con su pareja que no le agrada ver ese tipo de películas ni pasarse tanto tiempo frente a los videojuegos.",Respuesta_b
ECOEMS 2026,Formación Cívica y Ética,11,"Rocío cursa el tercer año de secundaria, y para cuando sea adulta planea trabajar en el diseño de robots. En la actualidad, la situación económica de su familia es precaria, por lotanto piensa conseguir un empleo que le permita trabajar al mismo tiempo que estudia la educación media. Sabe que como adolescente debe contar con la autorización de sus padres, y que los posibles empleadores le tendrían que asignar un horario diurno. En fin, todavía tiene tiempo para seguir pensando, es más, sus amigos le dicen que está exagerando, que la vida hay que vivirla dia con dia... En este relato, Rocío da muestra de su conocimiento y valoración de:",Capacidades,Potencialidades,Aspiraciones,Decisiones,Respuesta_d
ECOEMS 2026,Formación Cívica y Ética,12,"Rocío cursa el tercer año de secundaria, y para cuando sea adulta planea trabajar en el diseño de robots. En la actualidad, la situación económica de su familia es precaria, por lotanto piensa conseguir un empleo que le permita trabajar al mismo tiempo que estudia la educación media. Sabe que como adolescente debe contar con la autorización de sus padres, y que los posibles empleadores le tendrían que asignar un horario diurno. En fin, todavía tiene tiempo para seguir pensando, es más, sus amigos le dicen que está exagerando, que la vida hay que vivirla dia con dia... Rocío tiene la posibilidad de concretar las metas que ha previsto porque:",Prevé alternativas para enfrentar dificultades.,Ha elegido una carrera que le permitirá tener un buen empleo.,Está dispuesta a trabajar para ayudar en los gastos familiares.,Sabe organizar su tiempo para hacer tareas y trabajar.,Respuesta_a
ECOEMS 2026,Formación Cívica y Ética,13,¿Cuál de las siguientes acciones muestra un estilo de vida sano más integral?,Consumir alimentos tres veces al día e incluir pequeños refrigerios de fruta.,"Realizar actividades al aire libre, preferentemente por las mañanas o tardes.","Compartir con la familia y las amistades actividades de lectura y recreación.","Cuidar la alimentación y realizar actividades físicas, recreativas y de descanso.",Respuesta_d
ECOEMS 2026,Formación Cívica y Ética,14,¿Cuál de las siguientes situaciones muestra una decisión informada y apegada a principios éticos?,"Lupita convenció a su mamá para que le autorice cortarse el cabello y teñirlo en un tono más claro que el natural.","El diseño de los uniformes se hizo tomando en cuenta los gustos del equipo de basquetbol, además se cuidó que resultara fresco y cómodo.","Jorge no asistió a clases por estar enfermo. Sus compañeros de equipo lo visitan por las tardes para explicarle lo que han visto en clases.","María aprovecha la oferta: en la compra de una bolsa de frituras obsequian una bebida edulcorada y un recipiente decorado para contener alimentos.",Respuesta_b
ECOEMS 2026,Formación Cívica y Ética,15,¿En cuál de las siguientes situaciones se aprecia una actitud de responsabilidad personal en la participación colectiva?,"El presidente de la Asociación de Padres de Familia decidió cuáles serán las mejoras que se harán este año en el plantel escolar.","El maestro elabora el reglamento de su grupo y lo da a conocer a sus estudiantes para que sepan cómo comportarse durante la clase.",Cada estudiante analizó las cualidades de los candidatos y emitió su voto para elegir al representante del grupo.,"El más popular del grupo pidió que le organizaran una reunión para festejar su cumpleaños, algunos no pueden asistir, pero no se atreven a comentarlo.",Respuesta_c
ECOEMS 2026,Formación Cívica y Ética,16,"En los siguientes casos se ejercen y respetan los derechos humanos, excepto en:","Antonio fue agredido por un automovilista que manejaba imprudentemente, un policía acude en su auxilio y solicita una ambulancia.","Regina solicitó información en una oficina pública, pero le dijeron que sólo la pueden atender si se presenta acompañada de un experto en el tema.","En la entrada de un restaurante se puede leer un letrero que dice: ""Aquí no discriminamos, sea usted bienvenido, permítanos mostrarle nuestra cortesía"".","La enfermera informa a los pacientes que le dará preferencia a Alma, quien acaba de llegar en silla de ruedas por una emergencia.",Respuesta_b
ECOEMS 2026,Formación Cívica y Ética,17,¿En qué caso la democracia se ve favorecida por el uso de las redes sociales?,"Se pueden publicar de inmediato los detalles de las fiestas a las que asisten los integrantes del grupo y saber si se están divirtiendo o no.","Es posible tener al alcance información oportuna de los espectáculos que se llevarán a cabo en la localidad y en cualquier parte del país y del mundo.","Se pueden conocer los avances de los programas de gobierno y mantener comunicación con los representantes para emitir quejas y sugerencias.","Brindan la posibilidad de emitir un voto de: ""Me gusta"" o ""No me gusta"" en las publicaciones que comparten los miembros de la red.",Respuesta_c
ECOEMS 2026,Formación Cívica y Ética,18,"En un periódico se publicó que una importante marca de ropa deportiva explotaba a niños en sus fábricas instaladas en países pobres. Esta situación permitía a los fabricantes vender sus productos a precios bajos pues, si emplearan a trabajadores en países donde se respeta y exige el cumplimiento de los derechos laborales, los costos se elevarían y el precio de la ropa se encarecería... ¿Cuál de las siguientes opciones de participación solidaria tiene mayores posibilidades de combatir las condiciones de explotación que afecta a los niños de países pobres?","Comprar ropa de la misma calidad, pero de otra marca.","Nunca más comprar prendas de vestir elaboradas por fábricas de renombre.","Reproducir la noticia para difundirla entre los familiares, amigos y vecinos.","Solicitar la intervención de las instancias defensoras de derechos humanos.",Respuesta_d
ECOEMS 2026,Formación Cívica y Ética,19,"Con la finalidad de contribuir a mejorar las condiciones de vida de su comunidad, Anabel desea promover la defensa de los derechos ambientales. ¿Qué acción debe efectuar?","Promover una campaña para que cada vecino renueve la pintura exterior de su vivienda.","Organizar la reforestación del parque y otras áreas verdes con árboles propios del suelo y clima de la localidad.","Solicitar a las autoridades que periódicamente realicen actividades artísticas y culturales en la plaza pública.","Organizar un club de lectores voluntarios entre los jóvenes de su barrio.",Respuesta_b
ECOEMS 2026,Formación Cívica y Ética,20,La manera más efectiva de participar como adolescente en el desarrollo social de México es:,Respetar y defender los derechos humanos.,Involucrarte en las actividades laborales lo antes posible.,Participar en un club deportivo o artístico.,Colaborar en las campañas de beneficencia y ayuda a los necesitados.,Respuesta_d
ECOEMS 2026,Formación Cívica y Ética,21,"Cuando Samanta regresa a casa lo primero que hace es alborotarse el cabello y cambiarse la blusa y la falda del uniforme escolar por una playera y un pantalón, como los que usa la mayoría de las adolescentes de su edad. El sábado por la tarde asistirá a la fiesta de cumpleaños de su mejor amiga, por lo que hoy se ha dedicado a pensar cómo vestirse de acuerdo con la ocasión... ¿Qué elemento de la conformación de la identidad personal se destaca en esta situación?","El género, porque en la actualidad las mujeres pueden usar tanto falda como pantalón, según la ocasión.","Las costumbres, porque es común que en fines de semana las adolescentes vayan a fiestas con sus amigos.","El grupo de pertenencia, porque la manera de vestirse es similar a la de las personas con quienes interactúa.","Las instituciones, porque en la escuela y en la familia se establecen reglas acerca de la vestimenta adecuada.",Respuesta_c
ECOEMS 2026,Formación Cívica y Ética,22,"Daniel, al igual que la mayoría de sus compañeros de grupo, está por cumplir quince años de edad y a diferencia de ellos su estatura es similar a la de los alumnos de primer año; además su complexión es delgada, por lo que aparenta tener una edad menor. Esta semana, por fin, su mamá accedió a comprarle unos pantalones que están de moda, pero en la tienda le dijeron que sólo los fabrican en tallas más grandes, y la de él todavía es infantil. Esta situación le pareció injusta... ¿Cuál es la razón por la que a Daniel le pareció injusta la situación?","Porque su mamá ahora ya no va a querer comprarle otra prenda de vestir.","Porque es injusto que los fabricantes excluyan de la moda a los de talla chica.","Porque está desarrollando su sentido de pertenencia por edad y se siente excluido.","Porque cree que debió alimentarse mejor para tener una buena estatura.",Respuesta_c
ECOEMS 2026,Formación Cívica y Ética,23,"Los vecinos de la comunidad Norte quieren desviar un tramo del arroyo para dar de beber a su ganado, y los de la comunidad Sur se niegan porque se aproxima la época de sequía y no hay suficiente agua para el consumo humano... ¿Cuál de los procedimientos ejemplifica el respeto a los derechos humanos como principio en la solución de este conflicto?","La autoridad apoyará a la comunidad que tenga mayor población, ya que significan más votos para su partido.","La autoridad apoyará a la comunidad que esté al corriente con el pago de sus impuestos.","La autoridad apoyará a la comunidad Sur, porque en ésta la prioridad es la población, mientras que en la Norte la prioridad es el ganado.","La autoridad apoya a la comunidad Norte al mismo tiempo que se compromete a dotar de agua potable mediante pipas a la comunidad Sur.",Respuesta_d
ECOEMS 2026,Formación Cívica y Ética,24,¿En cuál de las siguientes situaciones se aprecia una manifestación de la identidad nacional?,"La conmemoración de acontecimientos cívicos que permiten reconocer la conquista de mejores condiciones de vida para la población.","La compra e intercambio de obsequios en fechas específicas para fortalecer los lazos afectivos entre la familia y las amistades.","Los rituales que se llevan a cabo cuando nace o muere algún integrante de la familia.","El consumo de bebidas gaseosas y frituras en todos los lugares del país.",Respuesta_a
ECOEMS 2026,Formación Cívica y Ética,25,Una manifestación de la pluriculturalidad de México es:,La variedad de paisajes que se aprecian en el territorio.,"La diversidad de flores y frutos que se cultivan, comercian y consumen.",La amplia gama de actividades laborales en las que se ocupa la población.,"Los diferentes estilos de vestimenta, peinado y calzado para todas las edades.",Respuesta_d
ECOEMS 2026,Formación Cívica y Ética,26,Es un rasgo de identidad y pertenencia a la humanidad:,"Los habitantes de todo país tienen un idioma oficial, aun cuando haya quienes hablan dos o más.","Personas de todo el mundo se solidarizan para atender las necesidades básicas de los damnificados por catástrofes naturales o sociales.","En cada país se conmemoran acontecimientos históricos que les han permitido mejorar sus condiciones de vida.","La humanidad de todo tiempo y lugar ha tenido interés por conocer el mundo social y natural en que se desenvuelve.",Respuesta_a
ECOEMS 2026,Formación Cívica y Ética,27,Es un ejemplo del compromiso de la sociedad con el respeto a los derechos humanos:,"Se reprende severamente a las niñas, niños y adolescentes para que aprendan a reconocer la autoridad de las personas adultas.","A las personas adultas mayores no se les da trabajo porque las jóvenes tienen mayor necesidad, pues requieren forjar su propio patrimonio.",Exigen que quienes cometen un delito sean juzgados conforme a lo que se establece en la ley.,Se otorgan mayores beneficios a quienes más tienen como reconocimiento a su esfuerzo.,Respuesta_c
ECOEMS 2026,Formación Cívica y Ética,28,¿A qué organismo debería recurrir una persona de un país latinoamericano cuyos derechos humanos fueron violados debido a que fue víctima de tortura y no recibió el apoyo necesario por parte de las autoridades de su país?,Corte Interamericana de Derechos Humanos.,Tribunal de Justicia de las Comunidades Europeas.,Comisión Nacional de Derechos Humanos.,Comité para la Eliminación de la Discriminación contra la Mujer.,Respuesta_a
ECOEMS 2026,Formación Cívica y Ética,29,"Los habitantes de una comunidad enfrentan un conflicto con los de otra porque ambos reclaman la titularidad de una zona de pastizales donde pacen sus rebaños. Una Organización de la Sociedad Civil (OSC), interesada por la defensa de los derechos humanos, les ha ofrecido intervenir como mediadora. Tú les recomiendas que acepten porque una OSC:",Promueve la lectura y el análisis de documentos legales y literarios acerca de los derechos humanos.,Defiende los derechos individuales y colectivos en favor del bien común.,Promueve la participación de la ciudadanía en los procesos democráticos.,Se preocupa por mejorar y defender los intereses del pueblo trabajador.,Respuesta_b
ECOEMS 2026,Formación Cívica y Ética,30,"¿Cuál de los siguientes instrumentos legales obliga a los Estados parte a diseñar políticas que regulen las acciones de las instancias públicas y privadas en favor de los derechos humanos de niñas, niños y adolescentes?",Convención sobre los Derechos del Niño.,Reglas mínimas de las Naciones Unidas para la administración de la justicia de menores.,Convención Interamericana sobre Restitución Internacional de Menores.,"Ley para la protección de los derechos de niñas, niños y adolescentes.",Respuesta_d
ECOEMS 2026,Formación Cívica y Ética,31,"En días pasados, después de haber propuesto a varios candidatos, se eligió a la persona que representará a los estudiantes de cada grupo escolar mediante votación universal, libre, directa y secreta. Este procedimiento es similar a uno de los derechos políticos que nuestra Constitución otorga a la ciudadanía porque:","Todos tuvieron las mismas condiciones para votar y ser votados.","Existió la libertad de expresar directamente las inconformidades.","Pudieron reunirse previamente entre amigos para acordar por quién votar.","Hubo libertad para expresar opiniones en contra y a favor de los candidatos.",Respuesta_d
ECOEMS 2026,Formación Cívica y Ética,32,"¿En cuál de los siguientes casos se aplica el lema ""Sufragio efectivo, No reelección""?","Antes de iniciar un encuentro deportivo, los capitanes de cada equipo lanzan una moneda al aire para saber quién comienza el juego.","El jefe de personal hace saber a los nuevos empleados que semestralmente cambiarán de área de trabajo para no caer en la rutina.","Cada tres años, los habitantes de la comunidad eligen por votación a los nuevos integrantes del Comité de Participación Ciudadana.","Los condóminos deciden, por votación, la permanencia del actual comité de administración porque ha cumplido muy bien con sus responsabilidades.",Respuesta_c
ECOEMS 2026,Formación Cívica y Ética,33,"Julieta cumplió la mayoría de edad, ya tramitó su credencial de elector y, además de emitir su voto, tiene interés en participar como observadora ciudadana en la próxima jornada electoral en que se elegirá a los presidentes municipales de su entidad. La participación ciudadana que Julieta desea ejercer le permitirá:","Ser de las primeras personas en saber cuál fue el candidato y partido político que obtuvo la mayoría de votos.","Sustituir al secretario de la casilla electoral en caso de que se cometan errores en el llenado de las actas de apertura.","Orientar a los votantes para que emitan su voto en favor del candidato que ella, después de haber analizado sus propuestas, percibe como el mejor.","Vigilar que los integrantes de la casilla electoral, los votantes y representantes de partido cumplan las normas electorales el día de la votación.",Respuesta_c
ECOEMS 2026,Formación Cívica y Ética,34,¿Cuál de las siguientes opciones define de la mejor manera en qué consiste la soberanía del Estado mexicano?,"Los mexicanos pueden discutir a través de sus representantes la conveniencia de modificar una ley para garantizar un mejor bienestar e incluso modificar la forma de gobierno.","Cuando las autoridades o la población enfrenten un conflicto grave pueden solicitar la intervención de expertos internacionales para que ayuden a solucionarlo.","Los mexicanos pueden hacer lo que más les agrade o lo que mejor les convenga sin necesidad de autorización alguna.","El presidente del país tiene el poder de cambiar o modificar las leyes que le impidan gobernar como lo tiene previsto.",Respuesta_b
ECOEMS 2026,Formación Cívica y Ética,35,"En una nota periodística se informa que un local comercial fue clausurado porque no atendieron de manera inmediata a la hija de un importante funcionario del gobierno. Este suceso no se apega al principio de legalidad porque:","En la ley no está prohibido atender con lentitud a los clientes.","Se omitieron algunos procedimientos señalados en la ley para llevar a cabo la clausura.","También debieron clausurar otros locales donde no atienden inmediatamente a los clientes.","En la ley se establece claramente que se debe atender de manera inmediata a los clientes.",Respuesta_a
ECOEMS 2026,Formación Cívica y Ética,36,"Al inicio del ciclo se elaboró el reglamento escolar con la participación de estudiantes, maestros, directivos y padres de familia. Meses después, una parte del alumnado manifestó su desacuerdo con la aplicación del reglamento porque considera que algunos artículos son injustos. Tomando en cuenta las características de los procedimientos de participación ciudadana democrática. Tomando en cuenta las características de los procedimientos de participación ciudadana democrática, ¿cuál convendría promover a nivel escolar para atender la inquietud del alumnado?","La iniciativa popular, porque pueden hacer propuestas de nuevos artículos o modificar los actuales.","El referéndum, porque pueden expresar su opinión acerca de qué artículos consideran justos o injustos.","El plebiscito, porque todos pueden expresar su opinión acerca de la conveniencia de aplicar o no el reglamento escolar.","La representatividad, porque pueden votar y crear una comisión que analice y decida conservar, eliminar o modificar los artículos injustos.",Respuesta_d
ECOEMS 2026,Formación Cívica y Ética,37,"La mamá de Dulce recibió la invitación del Consejo de Participación Ciudadana de su comunidad para formar parte del Comité de Salud. Ella dice que no quiere involucrarse en política, porque eso es pura palabrería y corrupción. Dulce intenta convencerla de que participe... ¿Qué argumento le sugerirías utilizar para que le explique la importancia de su participación como ciudadana?",Tendrá posibilidad de participar en el diseño de los programas y proyectos de salud que más le interesen.,"Tendrá oportunidad de participar en la elección de los gobernantes y en la designación de los responsables de la salud.","Tendrá oportunidad de participar en la solicitud, ante las autoridades de salud, de los programas y proyectos que más convenga poner en marcha en su comunidad.","Tendrá oportunidad de decidir a quiénes de sus vecinos incluir en los proyectos y programas que la autoridad en materia de salud tenga a bien desarrollar en la comunidad.",Respuesta_c
ECOEMS 2026,Formación Cívica y Ética,38,"Los siguientes son ejemplos de cómo la autoridad da cumplimiento a la rendición de cuentas, excepto:","Dan a conocer los criterios y procedimientos que llevaron a cabo para diseñar y poner en marcha los proyectos que les corresponde ejecutar.","Difunden públicamente su declaración de situación patrimonial que presentan ante la Secretaría de la Función Pública (SFP).","Comparten a través de las redes sociales qué lugares visitan y con quiénes viajan en sus periodos de descanso.","Informan periódicamente en qué se gastan el recurso que se les asigna para desarrollar sus acciones gubernamentales.",Respuesta_c
ECOEMS 2026,Formación Cívica y Ética,39,"Las siguientes son algunas de las características más sobresalientes de las organizaciones civiles como forma de organización colectiva, excepto:",Su organización interna es democrática y plural.,Responden a intereses políticos del partido en turno.,Sus miembros tienen una elevada actitud de servicio en favor del bienestar colectivo.,Buscan el diálogo con el gobierno y los sectores independientes en un ambiente de tolerancia y respeto mutuo.,Respuesta_b
ECOEMS 2026,Formación Cívica y Ética,40,"La persona que asiste a la odontóloga solicitó al paciente en turno que, antes de entrar a consulta, llene un formato con sus datos de identificación personal, sus antecedentes de salud y los de sus familiares directos, así como la relación de sus padecimientos y los tratamientos médicos que ha tomado. Solicitar esta información no afecta su derecho a la privacidad siempre y cuando en el Aviso de privacidad se establezca primordialmente:",Con qué finalidad se emplearán esos datos.,Con qué instancias es probable que se compartan los datos.,Quién es el responsable de garantizar el buen uso de los datos.,Cómo se puede corregir o cancelar alguno de los datos que se solicitan.,Respuesta_a
ECOEMS 2026,Formación Cívica y Ética,41,"Varias comunidades de nuestro país carecen de servicio de energía eléctrica y de receptores de señal satelital lo que impide a la población hacer uso de los medios de comunicación y tecnologías de la información. Estas circunstancias afectan a la población adolescente en su desempeño como estudiantes porque:","Limita el acceso a fuentes de información para complementar lo que presentan sus libros.","Les impide establecer comunicación con sus familiares que viven en lugares lejanos.","Anula su posibilidad de ampliar su número de amistades.","Les impide participar en actividades recreativas dentro de casa.",Respuesta_a
ECOEMS 2026,Formación Cívica y Ética,42,"Durante la transmisión de programas de televisión para público adolescente y al abrir ciertas direcciones de sitios de internet se muestra un comercial en el que se observa el rostro de una persona de edad adolescente de cabello castaño, lacio, brillante; su mirada y gestos muestran seguridad; enseguida se aprecia que va caminando con firmeza mientras los demás la observan con admiración. El motivo es el producto que utilizó para lavar su cabello. Este tipo de publicidad es engañosa porque:","La seguridad de una persona no se aprecia en la manera de mirar.","No todas las personas de cabello castaño, lacio y brillante caminan con firmeza.","No es verdad que se voltee a mirar a las personas de cabello castaño, lacio y brillante.","No hay relación entre el producto para el cabello y la seguridad de la persona.",Respuesta_d
ECOEMS 2026,Formación Cívica y Ética,43,"En un comercial televisivo se observa a un padre con su hija e hijo sentados ante la mesa disponiéndose a comer un rico postre. Sin embargo, no pueden hacerlo porque están esperando a la mamá que está en la cocina frente a un montón de trastes sumamente sucios. Ella utiliza un producto limpiador y desengrasante muy efectivo que le facilita el lavado y le permite reunirse con los demás integrantes de la familia para compartir el postre. Una postura ética que se puede asumir en familia para contrarrestar el estereotipo de género presente en este comercial es:","Proponer que en nuestra familia sean los hombres quienes se encarguen de lavar los trastos.","Comprometerse a cambiar de canal cada que aparezca en la pantalla este tipo de comerciales.","Organizarse para que alternadamente cada integrante de la familia participe en el lavado de los trastos.","Hacer notar a los integrantes de nuestra familia que cualquier tipo de producto limpiador es igualmente efectivo.",Respuesta_c
ECOEMS 2026,Formación Cívica y Ética,44,"Los siguientes son ejemplos de programas que muestran cómo expresan los medios de comunicación su compromiso con el respeto y valoración de las distintas formas de identidad adolescente, EXCEPTO:","Se entrevista a adolescentes de distintos lugares para que, compartan sus preferencias musicales, además de sus rostros se aprecia su vestimenta cotidiana e imágenes de la comunidad donde viven.","Estudiantes de educación media participan en un concurso en el que ponen en juego su talento y conocimientos para hacer frente a una serie de desafíos matemáticos, sociales, científicos, deportivos, artísticos y culturales.","Un grupo de adolescentes de similar condición socioeconómica y edad aceptan convivir en una casa en la que se han colocado videocámaras para que el público pueda observar la manera en que interactúan cotidianamente durante las 24 horas del día durante varias semanas.","Adolescentes con habilidades, condiciones económicas, familiares, culturales e intereses personales distintos coinciden como estudiantes en un aula escolar. Las actividades que comparten dentro o fuera de la escuela dan lugar a conflictos que resuelven con mayor o menor dificultad.",Respuesta_c
ECOEMS 2026,Formación Cívica y Ética,45,"Durante la clase los equipos se integraron al azar. Los compañeros de Ceci muestran apatía hacia el trabajo que les corresponde realizar. ¿Cuál de las siguientes acciones da cuenta de una alternativa que favorece el bienestar socioafectivo de Ceci, en relación con la valoración de las capacidades, potencialidades y aspiraciones personales?","Se esfuerza por realizar individualmente el trabajo. Al momento de entregarlo, incluye a todos los integrantes del equipo sin importarle que no hayan colaborado. De esa forma, mantiene el aprecio de sus compañeros.","Deja pasar el tiempo en espera de que alguien tome la iniciativa para la realización del trabajo. Cuando quedan unos cuantos días, al ver que nadie tiene interés en trabajar toma la decisión de cambiarse de equipo.","Por un par de días trata de animar a sus compañeros para organizarse y distribuirse ciertas actividades, al no lograrlo solicita a su maestro que reintegre los equipos tomando en consideración la afinidad entre compañeros.","Asume el liderazgo del equipo, identifica y distribuye actividades que se pueden realizar individualmente y las que requieren de concretarse colectivamente. Cuando entrega el trabajo incluye únicamente a quienes participaron.",Respuesta_d
ECOEMS 2026,Formación Cívica y Ética,46,"El parque de la comunidad carece de alumbrado, los tableros y porterías de las canchas están maltratadas, la maleza ha invadido los andadores peatonales, los juegos de piso ya casi no se notan. Ante esta situación niños y adolescentes prefieren jugar o platicar entre las calles. Es importante que los espacios físicos destinados a la recreación se encuentren en buenas condiciones porque...","Los adolescentes pueden emplear el tiempo libre en actividades deportivas y recreativas.","Significa que las autoridades se preocupan por el buen estado de los parques.","La comunidad no gastaría en el mantenimiento de los parques.","En las calles los juegos se interrumpen constantemente.",Respuesta_a
ECOEMS 2026,Formación Cívica y Ética,47,"Carlos y Francisco son primos, el primero tiene habilidad para la comprensión y resolución de problemas matemáticos, al segundo le gusta leer y analizar aspectos relacionados con las condiciones y problemáticas sociales. En cuanto a las actividades físicas, Francisco prefiere el voleibol y Carlos el basquetbol. Recientemente han coincidido en su afición por correr, así que procuran inscribirse en las mismas competencias. Ambos reconocen que tener habilidades e intereses particulares no les impide compartir aficiones similares. Lo anterior permite afirmar que ellos gozan de una adecuada autoestima porque:","Se preocupan por asumir el control y la responsabilidad de su salud física y emocional.","Realizan actividades intelectuales y deportivas encaminadas a ganar competencias deportivas.","Reconocen y valoran los alcances personales y los medios con los que cuentan para lograr sus metas.","Reconocen conocimientos y habilidades que dominan y les permiten realizar ciertas actividades con entusiasmo.",Respuesta_c
ECOEMS 2026,Formación Cívica y Ética,48,"¿Por qué el aprendizaje de idiomas es una herramienta para desenvolverse en un mundo cada vez más globalizado?","Se facilita la comunicación con personas de otros países.","Se adquiere popularidad tanto en el país de origen como en el extranjero.","Se conocen personas interesantes durante los cursos de idiomas.","Se adquiere la posibilidad de viajar a otros países.",Respuesta_a
ECOEMS 2026,Formación Cívica y Ética,49,"Especialistas de la ONU afirman que en diversas partes del mundo se promueve el matrimonio infantil por costumbres étnicas o religiosas, violando, especialmente, los derechos de los niñas, pues las obligan a asumir responsabilidades para las cuales no están física ni psicológicamente preparadas. Esta situación es una de las problemáticas sociales que afectan la vida de los adolescentes porque:","Hay pocas opciones laborales para adolescentes que les permitan cubrir los gastos que se generan al iniciar una nueva familia.","Se vulneran sus derechos básicos como seguridad, integridad, libertad y dignidad humana, entre otros.","Se les involucra en responsabilidades adultas sin tener un respaldo legal para participar en la toma de decisiones colectivas.","No se les toma en cuenta para expresar su acuerdo o desacuerdo con las tradiciones que influyen en la identidad personal.",Respuesta_b
ECOEMS 2026,Formación Cívica y Ética,50,"La siguiente situación ejemplifica la participación de los adolescentes para solucionar problemas cuyos resultados benefician a la comunidad en el marco del respeto a la ley y los derechos humanos:","Promueven la organización de una ceremonia para entregar reconocimientos a los profesores con mayor antigüedad en el servicio, así dan muestra de su aprecio.","Para no entretenerse a la hora de salida, deciden organizarse durante la clase utilizando mensajes de texto a través del celular, sin que se de cuanta el maestro.","Deciden nombrar representante de grupo a quien aportó mayores apoyos económicos para la compra de uniformes y balones para los integrantes del equipo de futbol.","Se organizan para elaborar un oficio dirigido al director del plantel para solicitar su intervención en la construcción de rampas que faciliten la movilidad de un compañero que requiere usar silla de ruedas.",Respuesta_d
