Curso,Institución,Area,Carrera,Plantel,Puntaje
ECOEMS,IPN,,,CET 1,72
ECOEMS,IPN,,,CECyT 1,79
ECOEMS,IPN,,,CECyT 2,79
ECOEMS,IPN,,,CECyT 3,79
ECOEMS,IPN,,,CECyT 4,78
ECOEMS,IPN,,,CECyT 5,87
ECOEMS,IPN,,,CECyT 6,87
ECOEMS,IPN,,,CECyT 7,89
ECOEMS,IPN,,,CECyT 8,75
ECOEMS,IPN,,,CECyT 9,98
ECOEMS,IPN,,,CECyT 10,77
ECOEMS,IPN,,,CECyT 11,74
ECOEMS,IPN,,,CECyT 12,79
ECOEMS,IPN,,,CECyT 13,93
ECOEMS,IPN,,,CECyT 14,79
ECOEMS,IPN,,,CECyT 15,85
ECOEMS,IPN,,,CECyT 19,74
ECOEMS,UNAM,,,ENP 1,104
ECOEMS,UNAM,,,ENP 2,109
ECOEMS,UNAM,,,ENP 3,106
ECOEMS,UNAM,,,ENP 4,95
ECOEMS,UNAM,,,ENP 5,107
ECOEMS,UNAM,,,ENP 6,114
ECOEMS,UNAM,,,ENP 7,101
ECOEMS,UNAM,,,ENP 8,98
ECOEMS,UNAM,,,ENP 9,111
ECOEMS,UNAM,,,CCH Azcapotzalco,91
ECOEMS,UNAM,,,CCH Naucalpan,83
ECOEMS,UNAM,,,CCH Oriente,95
ECOEMS,UNAM,,,CCH Sur,97
ECOEMS,UNAM,,,CCH Vallejo,95
LICENCIATURA,UNAM,Área I: Físico Matemáticas y de las Ingenierías,Actuaría,Facultad de Ciencias,105
LICENCIATURA,UNAM,Área I: Físico Matemáticas y de las Ingenierías,Arquitectura,Facultad de Arquitectura,108
LICENCIATURA,UNAM,Área I: Físico Matemáticas y de las Ingenierías,Arquitectura de Paisaje,Facultad de Arquitectura,97
LICENCIATURA,UNAM,Área I: Físico Matemáticas y de las Ingenierías,Ciencia de Datos,Facultad de Ciencias,112
LICENCIATURA,UNAM,Área I: Físico Matemáticas y de las Ingenierías,Ciencia de Materiales Sustentables,Facultad de Ciencias,93
LICENCIATURA,UNAM,Área I: Físico Matemáticas y de las Ingenierías,Ciencias de la Computación,Facultad de Ciencias,115
LICENCIATURA,UNAM,Área I: Físico Matemáticas y de las Ingenierías,Ciencias de la Tierra,Facultad de Ciencias,88
LICENCIATURA,UNAM,Área I: Físico Matemáticas y de las Ingenierías,Diseño Industrial,Facultad de Arquitectura,101
LICENCIATURA,UNAM,Área I: Físico Matemáticas y de las Ingenierías,Física,Facultad de Ciencias,95
LICENCIATURA,UNAM,Área I: Físico Matemáticas y de las Ingenierías,Física Biomédica,Facultad de Ciencias,98
LICENCIATURA,UNAM,Área I: Físico Matemáticas y de las Ingenierías,Geociencias,Facultad de Ingeniería,87
LICENCIATURA,UNAM,Área I: Físico Matemáticas y de las Ingenierías,Ingeniería Aeroespacial,Facultad de Ingeniería,110
LICENCIATURA,UNAM,Área I: Físico Matemáticas y de las Ingenierías,Ingeniería Ambiental,Facultad de Ingeniería,99
LICENCIATURA,UNAM,Área I: Físico Matemáticas y de las Ingenierías,Ingeniería Ambiental,FES Aragón,94
LICENCIATURA,UNAM,Área I: Físico Matemáticas y de las Ingenierías,Ingeniería Civil,Facultad de Ingeniería,103
LICENCIATURA,UNAM,Área I: Físico Matemáticas y de las Ingenierías,Ingeniería Civil,FES Aragón,97
LICENCIATURA,UNAM,Área I: Físico Matemáticas y de las Ingenierías,Ingeniería de Minas y Metalurgia,Facultad de Ingeniería,90
LICENCIATURA,UNAM,Área I: Físico Matemáticas y de las Ingenierías,Ingeniería Eléctrica Electrónica,Facultad de Ingeniería,106
LICENCIATURA,UNAM,Área I: Físico Matemáticas y de las Ingenierías,Ingeniería Eléctrica Electrónica,FES Aragón,101
LICENCIATURA,UNAM,Área I: Físico Matemáticas y de las Ingenierías,Ingeniería en Computación,Facultad de Ingeniería,113
LICENCIATURA,UNAM,Área I: Físico Matemáticas y de las Ingenierías,Ingeniería en Computación,FES Aragón,108
LICENCIATURA,UNAM,Área I: Físico Matemáticas y de las Ingenierías,Ingeniería en Computación,FES Cuautitlán,105
LICENCIATURA,UNAM,Área I: Físico Matemáticas y de las Ingenierías,Ingeniería en Energías Renovables,Facultad de Ingeniería,100
LICENCIATURA,UNAM,Área I: Físico Matemáticas y de las Ingenierías,Ingeniería en Energías Renovables,FES Zaragoza,95
LICENCIATURA,UNAM,Área I: Físico Matemáticas y de las Ingenierías,Ingeniería en Sistemas Biomédicos,Facultad de Ingeniería,104
LICENCIATURA,UNAM,Área I: Físico Matemáticas y de las Ingenierías,Ingeniería en Telecomunicaciones,Facultad de Ingeniería,102
LICENCIATURA,UNAM,Área I: Físico Matemáticas y de las Ingenierías,Ingeniería en Telecomunicaciones, Sistemas y Electrónica,107
LICENCIATURA,UNAM,Área I: Físico Matemáticas y de las Ingenierías,Ingeniería Geofísica,Facultad de Ingeniería,89
LICENCIATURA,UNAM,Área I: Físico Matemáticas y de las Ingenierías,Ingeniería Geológica,Facultad de Ingeniería,91
LICENCIATURA,UNAM,Área I: Físico Matemáticas y de las Ingenierías,Ingeniería Geomática,Facultad de Ingeniería,86
LICENCIATURA,UNAM,Área I: Físico Matemáticas y de las Ingenierías,Ingeniería Industrial,Facultad de Ingeniería,105
LICENCIATURA,UNAM,Área I: Físico Matemáticas y de las Ingenierías,Ingeniería Industrial,FES Aragón,98
LICENCIATURA,UNAM,Área I: Físico Matemáticas y de las Ingenierías,Ingeniería Mecánica,Facultad de Ingeniería,101
LICENCIATURA,UNAM,Área I: Físico Matemáticas y de las Ingenierías,Ingeniería Mecánica,FES Aragón,96
LICENCIATURA,UNAM,Área I: Físico Matemáticas y de las Ingenierías,Ingeniería Mecánica Eléctrica,Facultad de Ingeniería,98
LICENCIATURA,UNAM,Área I: Físico Matemáticas y de las Ingenierías,Ingeniería Mecatrónica,Facultad de Ingeniería,109
LICENCIATURA,UNAM,Área I: Físico Matemáticas y de las Ingenierías,Ingeniería Petrolera,Facultad de Ingeniería,94
LICENCIATURA,UNAM,Área I: Físico Matemáticas y de las Ingenierías,Ingeniería Química,Facultad de Ingeniería,100
LICENCIATURA,UNAM,Área I: Físico Matemáticas y de las Ingenierías,Ingeniería Química,FES Cuautitlán,95
LICENCIATURA,UNAM,Área I: Físico Matemáticas y de las Ingenierías,Ingeniería Química Metalúrgica,Facultad de Ingeniería,92
LICENCIATURA,UNAM,Área I: Físico Matemáticas y de las Ingenierías,Ingeniería Química Metalúrgica,FES Cuautitlán,88
LICENCIATURA,UNAM,Área I: Físico Matemáticas y de las Ingenierías,Matemáticas,Facultad de Ciencias,96
LICENCIATURA,UNAM,Área I: Físico Matemáticas y de las Ingenierías,Matemáticas Aplicadas,Facultad de Ciencias,97
LICENCIATURA,UNAM,Área I: Físico Matemáticas y de las Ingenierías,Matemáticas Aplicadas y Computación,Facultad de Ciencias,108
LICENCIATURA,UNAM,Área I: Físico Matemáticas y de las Ingenierías,Matemáticas para el Desarrollo,Facultad de Ciencias,85
LICENCIATURA,UNAM,Área I: Físico Matemáticas y de las Ingenierías,Nanotecnología,Facultad de Ciencias,103
LICENCIATURA,UNAM,Área I: Físico Matemáticas y de las Ingenierías,Tecnología,Facultad de Ingeniería,90
LICENCIATURA,UNAM,Área I: Físico Matemáticas y de las Ingenierías,Tecnologías para la Información en Ciencias,Facultad de Ciencias,99
LICENCIATURA,UNAM,Área I: Físico Matemáticas y de las Ingenierías,Urbanismo,Facultad de Arquitectura,93
LICENCIATURA,UNAM,Área II: Ciencias Biológicas Químicas y de la Salud,Biología,Facultad de Ciencias,94
LICENCIATURA,UNAM,Área II: Ciencias Biológicas Químicas y de la Salud,Bioquímica Diagnóstica,Facultad de Química,96
LICENCIATURA,UNAM,Área II: Ciencias Biológicas Químicas y de la Salud,Ciencia de la Nutrición Humana,FES Zaragoza,102
LICENCIATURA,UNAM,Área II: Ciencias Biológicas Químicas y de la Salud,Ciencia Forense,Facultad de Medicina,105
LICENCIATURA,UNAM,Área II: Ciencias Biológicas Químicas y de la Salud,Ciencias Agroforestales,FES Cuautitlán,87
LICENCIATURA,UNAM,Área II: Ciencias Biológicas Químicas y de la Salud,Ciencias Agrogenómicas,FES Cuautitlán,91
LICENCIATURA,UNAM,Área II: Ciencias Biológicas Químicas y de la Salud,Ciencias Ambientales,Facultad de Ciencias,95
LICENCIATURA,UNAM,Área II: Ciencias Biológicas Químicas y de la Salud,Ciencias Genómicas,Facultad de Ciencias,110
LICENCIATURA,UNAM,Área II: Ciencias Biológicas Químicas y de la Salud,Cirujano Dentista,Facultad de Odontología,112
LICENCIATURA,UNAM,Área II: Ciencias Biológicas Químicas y de la Salud,Ecología,Facultad de Ciencias,89
LICENCIATURA,UNAM,Área II: Ciencias Biológicas Químicas y de la Salud,Enfermería,ENEO,92
LICENCIATURA,UNAM,Área II: Ciencias Biológicas Químicas y de la Salud,Enfermería,FES Iztacala,90
LICENCIATURA,UNAM,Área II: Ciencias Biológicas Químicas y de la Salud,Enfermería y Obstetricia,ENEO,93
LICENCIATURA,UNAM,Área II: Ciencias Biológicas Químicas y de la Salud,Enfermería y Obstetricia,FES Iztacala,91
LICENCIATURA,UNAM,Área II: Ciencias Biológicas Químicas y de la Salud,Farmacia,Facultad de Química,98
LICENCIATURA,UNAM,Área II: Ciencias Biológicas Químicas y de la Salud,Fisioterapia,ENEO,90
LICENCIATURA,UNAM,Área II: Ciencias Biológicas Químicas y de la Salud,Ingeniería Agrícola,Facultad de Ingeniería,88
LICENCIATURA,UNAM,Área II: Ciencias Biológicas Químicas y de la Salud,Ingeniería en Alimentos,Facultad de Ingeniería,97
LICENCIATURA,UNAM,Área II: Ciencias Biológicas Químicas y de la Salud,Investigación Biomédica Básica,Facultad de Medicina,111
LICENCIATURA,UNAM,Área II: Ciencias Biológicas Químicas y de la Salud,Manejo Sustentable de Zonas Costeras,Facultad de Ciencias,86
LICENCIATURA,UNAM,Área II: Ciencias Biológicas Químicas y de la Salud,Médico Cirujano,Facultad de Medicina,118
LICENCIATURA,UNAM,Área II: Ciencias Biológicas Químicas y de la Salud,Médico Cirujano,FES Iztacala,115
LICENCIATURA,UNAM,Área II: Ciencias Biológicas Químicas y de la Salud,Medicina Veterinaria y Zootecnia,Facultad de Medicina Veterinaria y Zootecnia,101
LICENCIATURA,UNAM,Área II: Ciencias Biológicas Químicas y de la Salud,Medicina Veterinaria y Zootecnia,FES Cuautitlán,97
LICENCIATURA,UNAM,Área II: Ciencias Biológicas Químicas y de la Salud,Neurociencias,Facultad de Medicina,115
LICENCIATURA,UNAM,Área II: Ciencias Biológicas Químicas y de la Salud,Nutriología,FES Zaragoza,99
LICENCIATURA,UNAM,Área II: Ciencias Biológicas Químicas y de la Salud,Odontología,Facultad de Odontología,107
LICENCIATURA,UNAM,Área II: Ciencias Biológicas Químicas y de la Salud,Odontología,FES Iztacala,103
LICENCIATURA,UNAM,Área II: Ciencias Biológicas Químicas y de la Salud,Optometría,FES Iztacala,96
LICENCIATURA,UNAM,Área II: Ciencias Biológicas Químicas y de la Salud,Órtesis y Prótesis,Facultad de Medicina,89
LICENCIATURA,UNAM,Área II: Ciencias Biológicas Químicas y de la Salud,Psicología,Facultad de Psicología,104
LICENCIATURA,UNAM,Área II: Ciencias Biológicas Químicas y de la Salud,Psicología,FES Iztacala,99
LICENCIATURA,UNAM,Área II: Ciencias Biológicas Químicas y de la Salud,Psicología,FES Zaragoza,98
LICENCIATURA,UNAM,Área II: Ciencias Biológicas Químicas y de la Salud,Química,Facultad de Química,94
LICENCIATURA,UNAM,Área II: Ciencias Biológicas Químicas y de la Salud,Química de Alimentos,Facultad de Química,93
LICENCIATURA,UNAM,Área II: Ciencias Biológicas Químicas y de la Salud,Química e Ingeniería en Materiales,Facultad de Química,97
LICENCIATURA,UNAM,Área II: Ciencias Biológicas Químicas y de la Salud,Química Farmacéutico Biológica,Facultad de Química,103
LICENCIATURA,UNAM,Área II: Ciencias Biológicas Químicas y de la Salud,Química Industrial,Facultad de Química,91
LICENCIATURA,UNAM,Área III: Ciencias Sociales,Administración,Facultad de Contaduría y Administración,100
LICENCIATURA,UNAM,Área III: Ciencias Sociales,Administración,FES Acatlán,97
LICENCIATURA,UNAM,Área III: Ciencias Sociales,Administración,FES Aragón,95
LICENCIATURA,UNAM,Área III: Ciencias Sociales,Administración Agropecuaria,Facultad de Contaduría y Administración,85
LICENCIATURA,UNAM,Área III: Ciencias Sociales,Antropología,Facultad de Ciencias Políticas y Sociales,92
LICENCIATURA,UNAM,Área III: Ciencias Sociales,Ciencias de la Comunicación,Facultad de Ciencias Políticas y Sociales,105
LICENCIATURA,UNAM,Área III: Ciencias Sociales,Ciencias Políticas y Administración Pública,Facultad de Ciencias Políticas y Sociales,103
LICENCIATURA,UNAM,Área III: Ciencias Sociales,Comunicación,Facultad de Ciencias Políticas y Sociales,102
LICENCIATURA,UNAM,Área III: Ciencias Sociales,Comunicación y Periodismo,Facultad de Ciencias Políticas y Sociales,106
LICENCIATURA,UNAM,Área III: Ciencias Sociales,Contaduría,Facultad de Contaduría y Administración,98
LICENCIATURA,UNAM,Área III: Ciencias Sociales,Contaduría,FES Acatlán,95
LICENCIATURA,UNAM,Área III: Ciencias Sociales,Derecho,Facultad de Derecho,112
LICENCIATURA,UNAM,Área III: Ciencias Sociales,Derecho,FES Acatlán,108
LICENCIATURA,UNAM,Área III: Ciencias Sociales,Desarrollo Comunitario para el Envejecimiento,Facultad de Ciencias Políticas y Sociales,87
LICENCIATURA,UNAM,Área III: Ciencias Sociales,Desarrollo Territorial,Facultad de Ciencias Políticas y Sociales,88
LICENCIATURA,UNAM,Área III: Ciencias Sociales,Economía,Facultad de Economía,107
LICENCIATURA,UNAM,Área III: Ciencias Sociales,Economía,FES Acatlán,102
LICENCIATURA,UNAM,Área III: Ciencias Sociales,Economía Industrial,Facultad de Economía,95
LICENCIATURA,UNAM,Área III: Ciencias Sociales,Estudios Sociales y Gestión Local,Facultad de Ciencias Políticas y Sociales,86
LICENCIATURA,UNAM,Área III: Ciencias Sociales,Geografía,Facultad de Filosofía y Letras,90
LICENCIATURA,UNAM,Área III: Ciencias Sociales,Geografía Aplicada,Facultad de Filosofía y Letras,89
LICENCIATURA,UNAM,Área III: Ciencias Sociales,Informática,Facultad de Contaduría y Administración,101
LICENCIATURA,UNAM,Área III: Ciencias Sociales,Negocios Internacionales,Facultad de Contaduría y Administración,108
LICENCIATURA,UNAM,Área III: Ciencias Sociales,Negocios Internacionales,FES Acatlán,104
LICENCIATURA,UNAM,Área III: Ciencias Sociales,Planificación para el Desarrollo Agropecuario,Facultad de Economía,84
LICENCIATURA,UNAM,Área III: Ciencias Sociales,Relaciones Internacionales,Facultad de Ciencias Políticas y Sociales,109
LICENCIATURA,UNAM,Área III: Ciencias Sociales,Sociología,Facultad de Ciencias Políticas y Sociales,96
LICENCIATURA,UNAM,Área III: Ciencias Sociales,Sociología Aplicada,Facultad de Ciencias Políticas y Sociales,93
LICENCIATURA,UNAM,Área III: Ciencias Sociales,Trabajo Social,Facultad de Ciencias Políticas y Sociales,91
LICENCIATURA,UNAM,Área III: Ciencias Sociales,Turismo y Desarrollo Sostenible,Facultad de Contaduría y Administración,94
LICENCIATURA,UNAM,Área IV: Humanidades y de las Artes,Administración de Archivos y Gestión Documental,Facultad de Filosofía y Letras,85
LICENCIATURA,UNAM,Área IV: Humanidades y de las Artes,Arte y Diseño,Facultad de Artes y Diseño,99
LICENCIATURA,UNAM,Área IV: Humanidades y de las Artes,Artes Visuales,Facultad de Artes y Diseño,97
LICENCIATURA,UNAM,Área IV: Humanidades y de las Artes,Bibliotecología y Estudios de la Información,Facultad de Filosofía y Letras,86
LICENCIATURA,UNAM,Área IV: Humanidades y de las Artes,Cinematografía,Facultad de Artes y Diseño,104
LICENCIATURA,UNAM,Área IV: Humanidades y de las Artes,Desarrollo y Gestión Interculturales,Facultad de Filosofía y Letras,88
LICENCIATURA,UNAM,Área IV: Humanidades y de las Artes,Diseño Gráfico,Facultad de Artes y Diseño,102
LICENCIATURA,UNAM,Área IV: Humanidades y de las Artes,Diseño y Comunicación Visual,Facultad de Artes y Diseño,103
LICENCIATURA,UNAM,Área IV: Humanidades y de las Artes,Enseñanza de Alemán Como Lengua Extranjera,Facultad de Filosofía y Letras,89
LICENCIATURA,UNAM,Área IV: Humanidades y de las Artes,Enseñanza de Español Como Lengua Extranjera,Facultad de Filosofía y Letras,92
LICENCIATURA,UNAM,Área IV: Humanidades y de las Artes,Enseñanza de Francés Como Lengua Extranjera,Facultad de Filosofía y Letras,90
LICENCIATURA,UNAM,Área IV: Humanidades y de las Artes,Enseñanza de Inglés Como Lengua Extranjera,Facultad de Filosofía y Letras,105
LICENCIATURA,UNAM,Área IV: Humanidades y de las Artes,Enseñanza de Italiano Como Lengua Extranjera,Facultad de Filosofía y Letras,87
LICENCIATURA,UNAM,Área IV: Humanidades y de las Artes,Enseñanza de Inglés,Facultad de Filosofía y Letras,98
LICENCIATURA,UNAM,Área IV: Humanidades y de las Artes,Estudios Latinoamericanos,Facultad de Filosofía y Letras,93
LICENCIATURA,UNAM,Área IV: Humanidades y de las Artes,Etnomusicología,Facultad de Música,84
LICENCIATURA,UNAM,Área IV: Humanidades y de las Artes,Filosofía,Facultad de Filosofía y Letras,95
LICENCIATURA,UNAM,Área IV: Humanidades y de las Artes,Geohistoria,Facultad de Filosofía y Letras,86
LICENCIATURA,UNAM,Área IV: Humanidades y de las Artes,Historia,Facultad de Filosofía y Letras,96
LICENCIATURA,UNAM,Área IV: Humanidades y de las Artes,Historia del Arte,Facultad de Filosofía y Letras,94
LICENCIATURA,UNAM,Área IV: Humanidades y de las Artes,Lengua y Literaturas Hispánicas,Facultad de Filosofía y Letras,97
LICENCIATURA,UNAM,Área IV: Humanidades y de las Artes,Lengua y Literaturas Modernas Letras Alemanas,Facultad de Filosofía y Letras,88
LICENCIATURA,UNAM,Área IV: Humanidades y de las Artes,Lengua y Literaturas Modernas Letras Francesas,Facultad de Filosofía y Letras,89
LICENCIATURA,UNAM,Área IV: Humanidades y de las Artes,Lengua y Literaturas Modernas Letras Inglesas,Facultad de Filosofía y Letras,101
LICENCIATURA,UNAM,Área IV: Humanidades y de las Artes,Lengua y Literaturas Modernas Letras Italianas,Facultad de Filosofía y Letras,87
LICENCIATURA,UNAM,Área IV: Humanidades y de las Artes,Lengua y Literaturas Modernas Letras Portuguesas,Facultad de Filosofía y Letras,85
LICENCIATURA,UNAM,Área IV: Humanidades y de las Artes,Letras Clásicas,Facultad de Filosofía y Letras,90
LICENCIATURA,UNAM,Área IV: Humanidades y de las Artes,Lingüística Aplicada,Facultad de Filosofía y Letras,93
LICENCIATURA,UNAM,Área IV: Humanidades y de las Artes,Literatura Dramática y Teatro,Facultad de Filosofía y Letras,96
LICENCIATURA,UNAM,Área IV: Humanidades y de las Artes,Literatura Intercultural,Facultad de Filosofía y Letras,89
LICENCIATURA,UNAM,Área IV: Humanidades y de las Artes,Música - Canto,Facultad de Música,99
LICENCIATURA,UNAM,Área IV: Humanidades y de las Artes,Música - Composición,Facultad de Música,97
LICENCIATURA,UNAM,Área IV: Humanidades y de las Artes,Música - Educación Musical,Facultad de Música,92
LICENCIATURA,UNAM,Área IV: Humanidades y de las Artes,Música - Instrumentista,Facultad de Música,95
LICENCIATURA,UNAM,Área IV: Humanidades y de las Artes,Música - Piano,Facultad de Música,98
LICENCIATURA,UNAM,Área IV: Humanidades y de las Artes,Música y Tecnología Artística,Facultad de Música,94
LICENCIATURA,UNAM,Área IV: Humanidades y de las Artes,Pedagogía,Facultad de Filosofía y Letras,96
LICENCIATURA,UNAM,Área IV: Humanidades y de las Artes,Teatro y Actuación,Facultad de Filosofía y Letras,100
LICENCIATURA,UNAM,Área IV: Humanidades y de las Artes,Traducción,Facultad de Filosofía y Letras,97
LICENCIATURA,IPN,Área I: Ingeniería y Ciencias Físico Matemáticas,Ingeniería en Meteorología,UPIIG-Guanajuato,91
LICENCIATURA,IPN,Área I: Ingeniería y Ciencias Físico Matemáticas,Ingeniería Aeronáutica,ESIME Ticomán,105
LICENCIATURA,IPN,Área I: Ingeniería y Ciencias Físico Matemáticas,Ingeniería Aeronáutica,UPIITA,102
LICENCIATURA,IPN,Área I: Ingeniería y Ciencias Físico Matemáticas,Ingeniería Ambiental,ESIME Azcapotzalco,96
LICENCIATURA,IPN,Área I: Ingeniería y Ciencias Físico Matemáticas,Ingeniería Ambiental,UPIIG-Guanajuato,93
LICENCIATURA,IPN,Área I: Ingeniería y Ciencias Físico Matemáticas,Ingeniería Biomédica,UPIITA,107
LICENCIATURA,IPN,Área I: Ingeniería y Ciencias Físico Matemáticas,Ingeniería Biónica,UPIITA,103
LICENCIATURA,IPN,Área I: Ingeniería y Ciencias Físico Matemáticas,Ingeniería Bioquímica,ENCB,98
LICENCIATURA,IPN,Área I: Ingeniería y Ciencias Físico Matemáticas,Ingeniería Biotecnologia,ENCB,100
LICENCIATURA,IPN,Área I: Ingeniería y Ciencias Físico Matemáticas,Ingeniería Civil,ESIA Tecamachalco,101
LICENCIATURA,IPN,Área I: Ingeniería y Ciencias Físico Matemáticas,Ingeniería Civil,ESIA Zacatenco,103
LICENCIATURA,IPN,Área I: Ingeniería y Ciencias Físico Matemáticas,Ingeniería Eléctrica,ESIME Zacatenco,102
LICENCIATURA,IPN,Área I: Ingeniería y Ciencias Físico Matemáticas,Ingeniería en Alimentos,ENCB,95
LICENCIATURA,IPN,Área I: Ingeniería y Ciencias Físico Matemáticas,Ingeniería en Computación,ESCOM,110
LICENCIATURA,IPN,Área I: Ingeniería y Ciencias Físico Matemáticas,Ingeniería en Computación,UPIICSA,108
LICENCIATURA,IPN,Área I: Ingeniería y Ciencias Físico Matemáticas,Ingeniería Comunicaciones y Electrónica,ESIME Culhuacán,104
LICENCIATURA,IPN,Área I: Ingeniería y Ciencias Físico Matemáticas,Ingeniería en Control y Automatización,ESIME Zacatenco,103
LICENCIATURA,IPN,Área I: Ingeniería y Ciencias Físico Matemáticas,Ingeniería en Energía,ESIME Culhuacán,98
LICENCIATURA,IPN,Área I: Ingeniería y Ciencias Físico Matemáticas,Ingeniería en Informática,ESCOM,108
LICENCIATURA,IPN,Área I: Ingeniería y Ciencias Físico Matemáticas,Ingeniería en Inteligencia Artificial,UPIITA,112
LICENCIATURA,IPN,Área I: Ingeniería y Ciencias Físico Matemáticas,Ingeniería en Metalurgia y Materiales,ESIQIE,92
LICENCIATURA,IPN,Área I: Ingeniería y Ciencias Físico Matemáticas,Ingeniería en Meteorología,UPIIG-Guanajuato,90
LICENCIATURA,IPN,Área I: Ingeniería y Ciencias Físico Matemáticas,Ingeniería en Movilidad Urbana,ESIA Tecamachalco,93
LICENCIATURA,IPN,Área I: Ingeniería y Ciencias Físico Matemáticas,Ingeniería en Negocios Energéticos Sustentables,ESIA Ticomán,94
LICENCIATURA,IPN,Área I: Ingeniería y Ciencias Físico Matemáticas,Ingeniería en Robótica Industrial,UPIITA,106
LICENCIATURA,IPN,Área I: Ingeniería y Ciencias Físico Matemáticas,Ingeniería en Sistemas Ambientales,UPIITA,91
LICENCIATURA,IPN,Área I: Ingeniería y Ciencias Físico Matemáticas,Ingeniería en Sistemas Automotrices,ESIME Azcapotzalco,100
LICENCIATURA,IPN,Área I: Ingeniería y Ciencias Físico Matemáticas,Ingeniería en Sistemas Computacionales,ESCOM,109
LICENCIATURA,IPN,Área I: Ingeniería y Ciencias Físico Matemáticas,Ingeniería en Sistemas Energéticos y Redes Inteligentes,ESIME Culhuacán,101
LICENCIATURA,IPN,Área I: Ingeniería y Ciencias Físico Matemáticas,Ingeniería en Transporte,ESIME Azcapotzalco,95
LICENCIATURA,IPN,Área I: Ingeniería y Ciencias Físico Matemáticas,Ingeniería Farmacéutica,ENCB,99
LICENCIATURA,IPN,Área I: Ingeniería y Ciencias Físico Matemáticas,Ingeniería Ferroviaria,ESIME Ticomán,89
LICENCIATURA,IPN,Área I: Ingeniería y Ciencias Físico Matemáticas,Ingeniería Fotónica,UPIITA,103
LICENCIATURA,IPN,Área I: Ingeniería y Ciencias Físico Matemáticas,Ingeniería Geofísica,ESIA Ticomán,88
LICENCIATURA,IPN,Área I: Ingeniería y Ciencias Físico Matemáticas,Ingeniería Geológica,ESIA Ticomán,87
LICENCIATURA,IPN,Área I: Ingeniería y Ciencias Físico Matemáticas,Ingeniería Industrial,ESIME Azcapotzalco,102
LICENCIATURA,IPN,Área I: Ingeniería y Ciencias Físico Matemáticas,Ingeniería Industrial,UPIIG-Guanajuato,98
LICENCIATURA,IPN,Área I: Ingeniería y Ciencias Físico Matemáticas,Ingeniería Matemática,ESFM,97
LICENCIATURA,IPN,Área I: Ingeniería y Ciencias Físico Matemáticas,Ingeniería Mecánica,ESIME Azcapotzalco,100
LICENCIATURA,IPN,Área I: Ingeniería y Ciencias Físico Matemáticas,Ingeniería Mecánica,ESIME Ticomán,101
LICENCIATURA,IPN,Área I: Ingeniería y Ciencias Físico Matemáticas,Ingeniería Mecatrónica,UPIITA,108
LICENCIATURA,IPN,Área I: Ingeniería y Ciencias Físico Matemáticas,Ingeniería Metalúrgica,ESIQIE,90
LICENCIATURA,IPN,Área I: Ingeniería y Ciencias Físico Matemáticas,Ingeniería Petrolera,ESIA Ticomán,96
LICENCIATURA,IPN,Área I: Ingeniería y Ciencias Físico Matemáticas,Ingeniería Química Industrial,ESIQIE,98
LICENCIATURA,IPN,Área I: Ingeniería y Ciencias Físico Matemáticas,Ingeniería Química Petrolera,ESIQIE,97
LICENCIATURA,IPN,Área I: Ingeniería y Ciencias Físico Matemáticas,Ingeniería Telemática,ESCOM,101
LICENCIATURA,IPN,Área I: Ingeniería y Ciencias Físico Matemáticas,Ingeniería Textil,ENCB,86
LICENCIATURA,IPN,Área I: Ingeniería y Ciencias Físico Matemáticas,Ingeniería Topografica y Fotogramétrica,ESIA Tecamachalco,85
LICENCIATURA,IPN,Área I: Ingeniería y Ciencias Físico Matemáticas,Ingeniero Arquitecto,ESIA Tecamachalco,104
LICENCIATURA,IPN,Área I: Ingeniería y Ciencias Físico Matemáticas,Licenciatura en Ciencias de Datos,ESCOM,111
LICENCIATURA,IPN,Área I: Ingeniería y Ciencias Físico Matemáticas,Licenciatura en Ciencias de la Informática,ESCOM,105
LICENCIATURA,IPN,Área I: Ingeniería y Ciencias Físico Matemáticas,Licenciatura en Física y Matemáticas,ESFM,99
LICENCIATURA,IPN,Área I: Ingeniería y Ciencias Físico Matemáticas,Licenciatura en Matemática Algorítmica,ESFM,102
LICENCIATURA,IPN,Área II: Ciencias Médico Biológicas,Licenciatura en Biologia,ENCB,94
LICENCIATURA,IPN,Área II: Ciencias Médico Biológicas,Licenciatura en Enfermería,CICS Santo Tomás,92
LICENCIATURA,IPN,Área II: Ciencias Médico Biológicas,Licenciatura en Enfermería y Obstetricia,CICS Milpa Alta,93
LICENCIATURA,IPN,Área II: Ciencias Médico Biológicas,Licenciatura en Nutrición,ENCB,97
LICENCIATURA,IPN,Área II: Ciencias Médico Biológicas,Licenciatura en Odontología,CICS Santo Tomás,103
LICENCIATURA,IPN,Área II: Ciencias Médico Biológicas,Licenciatura en Odontología,CICS Milpa Alta,101
LICENCIATURA,IPN,Área II: Ciencias Médico Biológicas,Licenciatura en Optometría,CICS Santo Tomás,91
LICENCIATURA,IPN,Área II: Ciencias Médico Biológicas,Licenciatura en Psicología,CICS Milpa Alta,100
LICENCIATURA,IPN,Área II: Ciencias Médico Biológicas,Licenciatura en Trabajo Social,CICS Santo Tomás,89
LICENCIATURA,IPN,Área II: Ciencias Médico Biológicas,Médico Cirujano Homeópáta,ENMyH,105
LICENCIATURA,IPN,Área II: Ciencias Médico Biológicas,Médico Cirujano Partero,ENMyH,107
LICENCIATURA,IPN,Área II: Ciencias Médico Biológicas,Químico Bacteriólogo y Parasitólogo,ENCB,98
LICENCIATURA,IPN,Área II: Ciencias Médico Biológicas,Químico Farmacéutico Industrial,ENCB,96
LICENCIATURA,IPN,Área III: Ciencias Sociales y Administrativas,Contador Público,ESCA Santo Tomás,97
LICENCIATURA,IPN,Área III: Ciencias Sociales y Administrativas,Contador Público,Polivirtual,85
LICENCIATURA,IPN,Área III: Ciencias Sociales y Administrativas,Licenciatura en Administración Industrial,ESCA Tepepan,95
LICENCIATURA,IPN,Área III: Ciencias Sociales y Administrativas,Licenciatura en Administración y Desarrollo Empresarial,ESCA Santo Tomás,93
LICENCIATURA,IPN,Área III: Ciencias Sociales y Administrativas,Licenciatura en Archivonomía,ENBA,85
LICENCIATURA,IPN,Área III: Ciencias Sociales y Administrativas,Licenciatura en Biblioteconomía,ENBA,84
LICENCIATURA,IPN,Área III: Ciencias Sociales y Administrativas,Licenciatura en Economía,ESCA Tepepan,99
LICENCIATURA,IPN,Área III: Ciencias Sociales y Administrativas,Licenciatura en Mercadotecnia Digital,ESCA Santo Tomás,101
LICENCIATURA,IPN,Área III: Ciencias Sociales y Administrativas,Licenciatura en Negocios Digitales,ESCA Tepepan,102
LICENCIATURA,IPN,Área III: Ciencias Sociales y Administrativas,Licenciatura en Negocios Internacionales,ESCA Santo Tomás,103
LICENCIATURA,IPN,Área III: Ciencias Sociales y Administrativas,Licenciatura en Negocios Internacionales,Polivirtual,90
LICENCIATURA,IPN,Área III: Ciencias Sociales y Administrativas,Licenciatura en Relaciones Comerciales,ESCA Tepepan,94
LICENCIATURA,IPN,Área III: Ciencias Sociales y Administrativas,Licenciatura en Turismo,ESCA Santo Tomás,90
LICENCIATURA,IPN,Área III: Ciencias Sociales y Administrativas,Licenciatura en Turismo Sustentable,ESCA Tepepan,92
LICENCIATURA,UAM,Área I: Ciencias Básicas e Ingeniería,Administración,Azcapotzalco,92
LICENCIATURA,UAM,Área I: Ciencias Básicas e Ingeniería,Arquitectura,Azcapotzalco,104
LICENCIATURA,UAM,Área I: Ciencias Básicas e Ingeniería,Derecho,Azcapotzalco,106
LICENCIATURA,UAM,Área I: Ciencias Básicas e Ingeniería,Diseño de la Comunicación Gráfica,Azcapotzalco,98
LICENCIATURA,UAM,Área I: Ciencias Básicas e Ingeniería,Diseño de Proyectos Sustentables,Azcapotzalco,95
LICENCIATURA,UAM,Área I: Ciencias Básicas e Ingeniería,Diseño Industrial,Azcapotzalco,100
LICENCIATURA,UAM,Área I: Ciencias Básicas e Ingeniería,Economía,Azcapotzalco,99
LICENCIATURA,UAM,Área I: Ciencias Básicas e Ingeniería,Ingeniería Ambiental,Azcapotzalco,96
LICENCIATURA,UAM,Área I: Ciencias Básicas e Ingeniería,Ingeniería Civil,Azcapotzalco,101
LICENCIATURA,UAM,Área I: Ciencias Básicas e Ingeniería,Ingeniería Eléctrica,Azcapotzalco,97
LICENCIATURA,UAM,Área I: Ciencias Básicas e Ingeniería,Ingeniería Electrónica,Azcapotzalco,98
LICENCIATURA,UAM,Área I: Ciencias Básicas e Ingeniería,Ingeniería en Computación,Azcapotzalco,105
LICENCIATURA,UAM,Área I: Ciencias Básicas e Ingeniería,Ingeniería en Computación,Cuajimalpa,106
LICENCIATURA,UAM,Área I: Ciencias Básicas e Ingeniería,Ingeniería Física,Azcapotzalco,94
LICENCIATURA,UAM,Área I: Ciencias Básicas e Ingeniería,Ingeniería Industrial,Azcapotzalco,102
LICENCIATURA,UAM,Área I: Ciencias Básicas e Ingeniería,Ingeniería Mecánica,Azcapotzalco,100
LICENCIATURA,UAM,Área I: Ciencias Básicas e Ingeniería,Ingeniería Metalúrgica,Azcapotzalco,93
LICENCIATURA,UAM,Área I: Ciencias Básicas e Ingeniería,Ingeniería Química,Azcapotzalco,97
LICENCIATURA,UAM,Área I: Ciencias Básicas e Ingeniería,Sociología,Azcapotzalco,91
LICENCIATURA,UAM,Área I: Ciencias Básicas e Ingeniería,Ciencias Atmosféricas,Iztapalapa,89
LICENCIATURA,UAM,Área I: Ciencias Básicas e Ingeniería,Computación,Iztapalapa,103
LICENCIATURA,UAM,Área I: Ciencias Básicas e Ingeniería,Física,Iztapalapa,95
LICENCIATURA,UAM,Área I: Ciencias Básicas e Ingeniería,Ingeniería en Computación y Telecomunicaciones,Iztapalapa,104
LICENCIATURA,UAM,Área I: Ciencias Básicas e Ingeniería,Ingeniería en Energía,Iztapalapa,98
LICENCIATURA,UAM,Área I: Ciencias Básicas e Ingeniería,Ingeniería Hidrológica,Iztapalapa,94
LICENCIATURA,UAM,Área I: Ciencias Básicas e Ingeniería,Ingeniería en Sistemas Mecatrónicos Industriales,Iztapalapa,101
LICENCIATURA,UAM,Área I: Ciencias Básicas e Ingeniería,Matemáticas,Iztapalapa,96
LICENCIATURA,UAM,Área I: Ciencias Básicas e Ingeniería,Química,Iztapalapa,97
LICENCIATURA,UAM,Área II: Ciencias Biológicas y de la Salud,Agronomía,Xochimilco,87
LICENCIATURA,UAM,Área II: Ciencias Biológicas y de la Salud,Biología,Xochimilco,93
LICENCIATURA,UAM,Área II: Ciencias Biológicas y de la Salud,Enfermería,Xochimilco,91
LICENCIATURA,UAM,Área II: Ciencias Biológicas y de la Salud,Estomatología,Xochimilco,102
LICENCIATURA,UAM,Área II: Ciencias Biológicas y de la Salud,Medicina,Xochimilco,115
LICENCIATURA,UAM,Área II: Ciencias Biológicas y de la Salud,Medicina Veterinaria y Zootecnia,Xochimilco,99
LICENCIATURA,UAM,Área II: Ciencias Biológicas y de la Salud,Nutrición Humana,Xochimilco,97
LICENCIATURA,UAM,Área II: Ciencias Biológicas y de la Salud,Química Farmacéutica Biológica,Xochimilco,100
LICENCIATURA,UAM,Área II: Ciencias Biológicas y de la Salud,Arte y Comunicación Digitales,Lerma,92
LICENCIATURA,UAM,Área II: Ciencias Biológicas y de la Salud,Educación y Tecnologías Digitales,Lerma,90
LICENCIATURA,UAM,Área II: Ciencias Biológicas y de la Salud,Políticas Públicas,Lerma,94
LICENCIATURA,UAM,Área II: Ciencias Biológicas y de la Salud,Biología Ambiental,Lerma,91
LICENCIATURA,UAM,Área II: Ciencias Biológicas y de la Salud,Ciencia y Tecnología de los Alimentos,Lerma,95
LICENCIATURA,UAM,Área II: Ciencias Biológicas y de la Salud,Psicología Biomédica,Lerma,96
LICENCIATURA,UAM,Área III: Ciencias Sociales y Humanidades,Ciencias de la Comunicación,Cuajimalpa,98
LICENCIATURA,UAM,Área III: Ciencias Sociales y Humanidades,Diseño (Gráfico),Cuajimalpa,100
LICENCIATURA,UAM,Área III: Ciencias Sociales y Humanidades,Tecnologías y Sistemas de Información,Cuajimalpa,103
LICENCIATURA,UAM,Área III: Ciencias Sociales y Humanidades,Administración,Cuajimalpa,99
LICENCIATURA,UAM,Área III: Ciencias Sociales y Humanidades,Administración,Azcapotzalco,92
LICENCIATURA,UAM,Área III: Ciencias Sociales y Humanidades,Administración,Iztapalapa,97
LICENCIATURA,UAM,Área III: Ciencias Sociales y Humanidades,Estudios Humanísticos,Cuajimalpa,93
LICENCIATURA,UAM,Área III: Ciencias Sociales y Humanidades,Estudios Socioterritoriales,Cuajimalpa,92
LICENCIATURA,UAM,Área III: Ciencias Sociales y Humanidades,Derecho,Cuajimalpa,104
LICENCIATURA,UAM,Área III: Ciencias Sociales y Humanidades,Biología Molecular,Cuajimalpa,105
LICENCIATURA,UAM,Área III: Ciencias Sociales y Humanidades,Matemáticas Aplicadas,Cuajimalpa,101
LICENCIATURA,UAM,Área III: Ciencias Sociales y Humanidades,Ingeniería Biológica,Cuajimalpa,102
LICENCIATURA,UAM,Área III: Ciencias Sociales y Humanidades,Economía,Iztapalapa,100
LICENCIATURA,UAM,Área III: Ciencias Sociales y Humanidades,Sociología,Iztapalapa,95
LICENCIATURA,UAM,Área III: Ciencias Sociales y Humanidades,Psicología Social,Iztapalapa,96
LICENCIATURA,UAM,Área III: Ciencias Sociales y Humanidades,Comunicación Social,Xochimilco,98
LICENCIATURA,UAM,Área III: Ciencias Sociales y Humanidades,Economía,Xochimilco,97
LICENCIATURA,UAM,Área III: Ciencias Sociales y Humanidades,Política y Gestión Social,Xochimilco,93
LICENCIATURA,UAM,Área III: Ciencias Sociales y Humanidades,Psicología,Xochimilco,101
LICENCIATURA,UAM,Área III: Ciencias Sociales y Humanidades,Sociología,Xochimilco,95
LICENCIATURA,UAM,Área IV: Ciencias y Artes para el Diseño,Arquitectura,Xochimilco,103
LICENCIATURA,UAM,Área IV: Ciencias y Artes para el Diseño,Diseño de la Comunicación Gráfica,Xochimilco,99
LICENCIATURA,UAM,Área IV: Ciencias y Artes para el Diseño,Diseño Industrial,Xochimilco,101
LICENCIATURA,UAM,Área IV: Ciencias y Artes para el Diseño,Planeación Territorial,Xochimilco,94